rate,phasing,cap,window,mean_paired_penalty_pct,ci_low_pct,ci_high_pct,mean_paired_difference_ms
632,staggered,0.25,expanded,87.1132211550871,-198.8591343986459,373.0855767088201,11.954652210352348
632,staggered,0.25,step,129.40876544890656,-108.12973339634857,366.9472642941617,18.59472576900522
632,staggered,1,expanded,1964.185315104535,-4536.742592358955,8465.113222568025,267.0078155864367
632,staggered,1,step,1320.3573714170946,-3084.8963801494683,5725.611122983657,178.14069494160856
632,synchronized,0.25,expanded,723.1282467534488,-1452.097224875306,2898.3537183822036,49.80689775225197
632,synchronized,0.25,step,1153.264543905077,-2608.6095554841754,4915.138643294329,125.4916513953371
632,synchronized,1,expanded,1994.6518046428894,-3413.1227412782882,7402.4263505640665,222.11074947570634
632,synchronized,1,step,39.17863447095011,-186.1865414485992,264.5438103904994,117.0563506104625
884,staggered,0.25,expanded,1179.0836444954143,-1988.899138666904,4347.066427657733,216.43472127344904
884,staggered,0.25,step,1006.255314613769,-1462.4741092664908,3474.9847384940285,284.474942716424
884,staggered,1,expanded,1196.5943390986572,-739.4716979134487,3132.660376110763,437.19177496627753
884,staggered,1,step,1928.5086081239392,-711.3987703268454,4568.415986574724,548.8229386564168
884,synchronized,0.25,expanded,2650.277956809714,-2254.7036493546966,7555.2595629741245,183.2326404825217
884,synchronized,0.25,step,2466.1403333485277,-1910.9369515246035,6843.217618221659,368.6585079745959
884,synchronized,1,expanded,-51.118122872211714,-79.1305655471839,-23.105680197239526,-128.10564113007737
884,synchronized,1,step,78.78754873195331,-80.67313388512417,238.2482313490308,137.95784835074596
1137,staggered,0.25,expanded,3051.657120507457,-3876.8187729320716,9980.133013946986,472.2704910144643
1137,staggered,0.25,step,1288.9523590566387,-2863.847305931092,5441.752024044369,47.73799498346031
1137,staggered,1,expanded,-54.84537359815636,-104.33140126122646,-5.35934593508626,-429.72996454106254
1137,staggered,1,step,-24.774287365618992,-138.14495831212776,88.59638358088978,-491.5765870451039
1137,synchronized,0.25,expanded,190.77537145451734,-555.6660256532069,937.2167685622416,-102.3360348958864
1137,synchronized,0.25,step,-10.472837921597641,-66.00250083701675,45.056824993821465,-169.78382931563877
1137,synchronized,1,expanded,242.7562428227926,-610.722407235912,1096.2348928814972,108.81547076549765
1137,synchronized,1,step,28.029749058552937,-183.19214143739032,239.2516395544962,-46.57339909449823
