rate,seed,cap,seconds,activate,step_at,step_factor,phasing,total_offered,total_completed,queue_dropped,unaccounted,throttled_usec,activation_settle_s,step_settle_s,activation_peak_1s_mean_ms,step_peak_1s_mean_ms,before_mean_ms,before_p95_ms,before_offered,before_completed,before_gateway_share,before_send_lateness_p95_ms,expanded_mean_ms,expanded_p95_ms,expanded_offered,expanded_completed,expanded_gateway_share,expanded_send_lateness_p95_ms,step_mean_ms,step_p95_ms,step_offered,step_completed,step_gateway_share,step_send_lateness_p95_ms
884,5103,0,30,10,20,1.15,synchronized,28465,28465,0,0,0,,0,14.374672286516853,14.102167258095237,13.50258280649496,15.255333,4465,4465,0.0,1.739072,13.838115563348417,16.316125,4420,4420,0.0,1.683397,13.646397616820593,15.829208,5089,5089,0.0,1.663685
632,5101,0,30,10,20,1.15,staggered,20681,20681,0,0,0,0,0,13.88967222857143,13.568689534626039,13.725857710982659,15.262333,3114,3114,0.0,1.967413,13.60444108125,15.032875,3200,3200,0.0,1.978017,13.518182212703497,15.162541,3747,3747,0.0,1.844739
1137,5103,1,30,10,20,1.15,staggered,36504,36504,0,0,0,,,14.224227940874036,28.768419149889787,13.81756426901933,16.236125,5639,5639,0.0,1.665954,10.651673305715784,23.238042,5721,5721,0.7110644992134242,1.060171,13.506441885474006,29.639209,6540,6540,0.3885321100917431,1.154284
1137,5102,1,30,10,20,1.15,staggered,36100,36100,0,0,0,,1,33.17056227441861,26.328036958268935,13.699408354832977,15.983875,5628,5628,0.0,1.581932,10.2024197148181,17.832041,5635,5635,0.4553682342502218,1.459002,14.99492770214096,43.330667,6399,6399,0.542428504453821,0.955339
1137,5102,0,30,10,20,1.15,staggered,36100,36100,0,0,9959,0,,15.041469403846154,16.489685794414275,13.870296662579957,16.186708,5628,5628,0.0,1.617145,14.491625125998226,18.42825,5635,5635,0.0,1.578823,14.237888784653853,18.124875,6399,6399,0.0,1.371046
1137,5104,1,30,10,20,1.15,staggered,36305,29081,7224,0,216398,,,1110.6531925796965,2409.0404353015465,22.832628369843526,69.678916,5624,5624,0.0,1.448224,263.8045271445633,1406.122792,5749,5610,0.08314489476430684,2.292573,1284.7398489640534,2364.785042,6592,3227,0.030036407766990292,2.463797
1137,5103,0,30,10,20,1.15,staggered,36504,30635,5869,0,0,2,1,16.097763846830986,1693.5745111216215,14.764468890051427,18.127959,5639,5639,0.0,1.485896,15.526612085649361,20.393791,5721,5721,0.0,1.474355,1578.9521013111112,1645.915334,6540,3330,0.0,3.504644
884,5102,1,30,10,20,1.15,synchronized,28310,28310,0,0,0,0,4,13.896563378006872,23.113974456190476,14.3940949349046,17.205292,4455,4455,0.0,1.766974,5.431786154234565,13.802541,4357,4357,1.0,1.481921,14.377859168734004,17.136916,5079,5079,0.0,1.691496
632,5104,1,30,10,20,1.15,staggered,20335,20335,0,0,0,,0,14.025757708333334,3.481657644474035,13.588296655597723,15.062375,3162,3162,0.0,1.912811,2.9908679530638853,5.773125,3068,3068,0.9641460234680573,1.898128,2.905692059244971,5.747167,3629,3629,1.0,1.736197
884,5103,1,30,10,20,1.15,synchronized,28465,28465,0,0,0,0,,13.856984743764173,94.3149538743818,14.548851707950728,16.223125,4465,4465,0.0,1.821368,4.032345728054299,8.564584,4420,4420,1.0,1.533546,44.19271054293574,186.785583,5089,5089,0.3947730398899587,1.861531
1137,5104,1,30,10,20,1.15,synchronized,36305,36234,71,0,400074,5,,93.3111248084154,516.2377867258718,32.909058805832146,178.064126,5624,5624,0.0,1.883712,14.717115723256219,17.826292,5749,5749,0.0,1.556102,287.7097070745056,674.115501,6592,6523,0.21404733009708737,1.204831
884,5101,0,30,10,20,1.15,staggered,28704,28704,0,0,173940,,,135.65800653369564,112.4971296859345,13.63668312208908,15.355083,4423,4423,0.0,1.742658,45.60530994819005,200.378334,4420,4420,0.0,1.864028,76.81972821129541,201.076791,5064,5064,0.0,1.377204
632,5104,1,30,10,20,1.15,synchronized,20335,20335,0,0,0,5,,14.935135807283764,47.11612684993532,13.54412576059456,15.002084,3162,3162,0.0,1.910921,3.4305687966101694,6.73975,3068,3068,1.0,1.790745,11.630327582254065,21.991626,3629,3629,0.4530173601543125,1.775115
632,5103,0,30,10,20,1.15,staggered,20501,20501,0,0,0,0,3,14.720838984615385,15.722978552278821,13.556571240247678,14.979916,3230,3230,0.0,1.920943,13.830873288968435,15.303709,3073,3073,0.0,1.905032,15.05724465541644,18.241792,3674,3674,0.0,1.669225
1137,5102,0.25,30,10,20,1.15,synchronized,36100,29234,6866,0,2020939,,,980.8599286173664,1294.7670431709741,474.91499658557694,1053.654459,5628,5200,0.0,1.488092,702.1698635428571,1403.014667,5635,4410,0.1448092280390417,1.472024,860.5118608700242,2099.568876,6399,4547,0.16502578527894984,1.596715
1137,5104,0.25,30,10,20,1.15,staggered,36305,30418,5886,1,2542088,,,1035.2319788499299,931.9195097962963,362.37112085043447,733.787583,5624,5409,0.0,1.413651,713.5548445489761,1230.646834,5749,4053,0.015133066620281788,1.569811,625.1072284205443,1128.706709,6592,4556,0.0,1.845717
632,5101,0,30,10,20,1.15,synchronized,20681,20681,0,0,0,0,,13.635248330232558,15.306834465771813,13.563374250802825,15.033459,3114,3114,0.0,1.935962,13.5603061646875,15.058458,3200,3200,0.0,1.956144,14.068262448625568,16.402083,3747,3747,0.0,1.820334
884,5104,0.25,30,10,20,1.15,synchronized,28241,28241,0,0,499198,,,19.39449554347826,475.8918298829787,80.57703368131621,215.828375,4437,4437,0.0,1.613366,12.509941302723385,28.160917,4443,4443,0.4328156650911546,1.518051,248.7932194600562,542.044584,4982,4982,0.09694901645925331,1.204755
1137,5104,0.25,30,10,20,1.15,synchronized,36305,34307,1998,0,832657,,,650.4009461606498,840.8805912236977,188.32615846261936,712.281125,5624,5551,0.0,1.721465,344.65247516580956,765.112542,5749,5639,0.10071316750739259,1.122452,592.98990946401,1160.195292,6592,5571,0.09587378640776699,1.109474
1137,5103,0,30,10,20,1.15,synchronized,36504,35614,890,0,1357326,,,257.5049745615973,618.4104514873047,108.8902130755453,338.329166,5639,5639,0.0,1.192626,110.53206171630833,350.457208,5721,5721,0.0,1.185882,418.4298876475449,699.540583,6540,6293,0.0,1.198743
1137,5102,0.25,30,10,20,1.15,staggered,36100,33750,2350,0,2785233,,,793.2736913188531,1062.4302576844568,15.042260410447762,19.879125,5628,5628,0.0,1.523428,444.57126117071874,1348.961751,5635,5635,0.15226264418811003,1.487029,755.1306150540698,1039.781376,6399,5123,0.0,1.566506
1137,5101,1,30,10,20,1.15,staggered,36725,36095,630,0,176187,,,79.87768183522232,649.9829048925895,17.826699835642536,28.106458,5774,5774,0.0,1.268138,60.136485436672324,128.033291,5890,5890,0.12512733446519525,1.175498,472.54431215819113,961.214833,6601,6037,0.05271928495682472,1.153924
632,5102,0.25,30,10,20,1.15,staggered,20417,20417,0,0,0,,1,42.97622484707646,19.488657687002654,13.752042137484587,15.451375,3244,3244,0.0,2.242398,22.151736523349438,73.434834,3105,3105,0.46022544283413847,2.399076,12.404576269284712,16.97125,3565,3565,0.20364656381486676,1.999019
884,5104,0,30,10,20,1.15,staggered,28241,28241,0,0,0,0,0,34.5870506700565,16.089356012961115,14.52770845571332,17.301625,4437,4437,0.0,1.735715,18.490449769525096,45.741833,4443,4443,0.0,1.88056,14.65418833861903,17.702292,4982,4982,0.0,1.668835
632,5103,0,30,10,20,1.15,synchronized,20501,20501,0,0,40353,,,19.50024376298701,132.79718056552707,13.540002952631578,15.005209,3230,3230,0.0,1.905809,15.223300417832737,17.771333,3073,3073,0.0,1.956409,66.11781249237887,188.784125,3674,3674,0.0,1.86243
884,5102,1,30,10,20,1.15,staggered,28310,25600,2710,0,968109,,,919.5013374221364,981.6954886603774,15.339766143434343,20.459167,4455,4455,0.0,1.613448,643.8367402652749,1456.763959,4357,3928,0.19049804911636448,2.051877,748.8080007998961,1270.919959,5079,3853,0.03642449301043513,1.994121
884,5101,0.25,30,10,20,1.15,staggered,28704,27195,1509,0,1038564,,,643.485264398913,1236.2547099564777,136.10432104838344,418.035959,4423,4423,0.0,1.552729,352.55833228846154,951.144917,4420,4420,0.13144796380090498,1.838301,632.2235701988569,1056.439542,5064,4199,0.0,1.569632
884,5104,1,30,10,20,1.15,synchronized,28241,23923,4318,0,3570585,,,2494.091881514039,1429.1572627832861,535.0006633591215,1286.50825,4437,4007,0.0,1.876405,645.0432523268265,1048.233125,4443,3586,0.0,1.770716,1167.1908747828586,1397.916792,4982,4177,0.0,1.933304
884,5101,1,30,10,20,1.15,synchronized,28704,28211,493,0,682533,,,660.9327484133636,725.2584848787878,296.0430314270857,546.123167,4423,4423,0.0,1.420291,225.18252677013575,824.552,4420,4420,0.02398190045248869,1.238885,311.1487391602134,673.821042,5064,5062,0.05351500789889416,1.155885
884,5103,0,30,10,20,1.15,staggered,28465,28465,0,0,8028,5,0,15.260946706155632,16.83737710330993,13.902402965285555,15.994584,4465,4465,0.0,1.739845,14.534026896606335,17.199417,4420,4420,0.0,1.644713,15.103834878561603,19.183,5089,5089,0.0,1.512894
632,5104,0.25,30,10,20,1.15,synchronized,20335,20335,0,0,0,0,3,61.03480688175676,46.17000422639069,13.563303419354838,15.1895,3162,3162,0.0,1.980441,23.357699625162972,72.497541,3068,3068,0.2242503259452412,1.803054,14.110104336456324,16.975959,3629,3629,0.0,1.894489
884,5101,0,30,10,20,1.15,synchronized,28704,28704,0,0,1302693,,,571.4835741993205,516.8957834965312,13.677508924485643,15.763458,4423,4423,0.0,1.78289,353.978647771267,750.154251,4420,4420,0.0,1.475676,236.5727001315166,607.307167,5064,5064,0.0,1.171131
884,5102,0,30,10,20,1.15,synchronized,28310,28310,0,0,0,0,,15.002992310779817,14.888219810211947,13.76745265274972,15.745458,4455,4455,0.0,1.752015,13.952924367913702,15.870708,4357,4357,0.0,1.814475,14.715162957471943,18.090458,5079,5079,0.0,1.533476
884,5103,0.25,30,10,20,1.15,staggered,28465,28465,0,0,5044,,,14.280088090592335,19.93996841871921,19.636546376035835,53.507292,4465,4465,0.0,1.713134,10.335684696153846,16.576958,4420,4420,0.4447963800904977,1.651934,14.339416822951463,26.020167,5089,5089,0.24975437217528001,1.49153
632,5102,1,30,10,20,1.15,staggered,20417,20417,0,0,0,,0,13.624752621069183,16.556622875748502,13.54546597564735,14.940209,3244,3244,0.0,1.933852,2.7962518025764895,4.990708,3105,3105,0.9790660225442834,1.861984,7.48056152286115,15.975333,3565,3565,0.794109396914446,1.782188
632,5104,0,30,10,20,1.15,staggered,20335,20335,0,0,0,0,0,13.615187386666667,13.925124283621837,13.595032503795066,15.081291,3162,3162,0.0,1.90964,13.558314580182529,14.974375,3068,3068,0.0,2.004491,13.613483727197575,15.196209,3629,3629,0.0,1.907852
632,5102,0,30,10,20,1.15,synchronized,20417,20417,0,0,157367,0,,15.129686954983923,579.8977929127686,13.510556999075217,14.937875,3244,3244,0.0,1.897667,13.888715133655394,15.23125,3105,3105,0.0,2.024455,219.63194739242635,910.705875,3565,3565,0.0,2.02776
632,5103,0.25,30,10,20,1.15,synchronized,20501,20501,0,0,53080,0,,208.44884084254608,505.8241668938172,14.826204807739938,18.351084,3230,3230,0.0,1.805005,55.203702759518386,321.517875,3073,3073,0.4666449723397332,1.789273,58.94749309254219,182.285292,3674,3674,0.0,1.528713
632,5104,0.25,30,10,20,1.15,staggered,20335,20335,0,0,0,,3,15.047917516722409,58.7000147462069,14.797264910815938,17.892,3162,3162,0.0,1.818684,9.559879387548891,16.760167,3068,3068,0.4895697522816167,1.732138,16.08693244888399,25.762666,3629,3629,0.09534306971617526,1.687324
632,5103,0.25,30,10,20,1.15,staggered,20501,20501,0,0,56530,,,15.540022067503925,146.26014199153738,40.90356772260062,135.012041,3230,3230,0.0,1.777163,10.270582392450374,16.210292,3073,3073,0.39017246989912135,1.739933,58.75526139248775,256.079667,3674,3674,0.18889493739793142,1.651644
884,5104,1,30,10,20,1.15,staggered,28241,27188,1053,0,976132,,,654.7490052585596,1014.010411008872,245.48248059747579,490.384375,4437,4437,0.0,1.513845,415.57793736844474,1013.359542,4443,4443,0.15192437542201215,1.541177,579.6216362324152,1080.314375,4982,4393,0.0,1.57242
884,5103,0.25,30,10,20,1.15,synchronized,28465,25995,2470,0,1719782,,,1209.4801790043605,1065.15991272838,484.25642338566627,932.750667,4465,4465,0.0,1.549092,717.1501594901133,1286.435126,4420,3793,0.020361990950226245,1.48067,658.2906451800275,1190.170084,5089,4366,0.058164668893692276,1.462914
632,5101,1,30,10,20,1.15,staggered,20681,19432,1249,0,1573814,,,1686.6604218188033,1258.8307570156471,67.66135355041747,336.138625,3114,3114,0.0,4.27638,1114.5331450317278,2496.220542,3200,2616,0.2371875,3.026985,753.3706365797985,1562.775668,3747,3277,0.024552975713904458,2.752986
1137,5103,0.25,30,10,20,1.15,staggered,36504,27152,9352,0,7908873,,0,1790.4194310259938,1649.8690307299435,1075.9145564077605,1207.468959,5639,4510,0.0,1.800625,1449.6967834409638,2477.344376,5721,4150,0.012410417759133019,1.910377,1410.5465580103448,1961.903876,6540,4640,0.0,1.713511
1137,5101,0,30,10,20,1.15,synchronized,36725,29820,6905,0,9596735,0,0,1154.658487143002,1241.856534874424,1146.3559785832435,1229.747584,5774,4643,0.0,1.759654,1108.572093691524,1189.235875,5890,4908,0.0,1.733436,1102.9173546827571,1177.100167,6601,4889,0.0,1.751212
1137,5103,0.25,30,10,20,1.15,synchronized,36504,25418,11086,0,2751847,,,1733.1445433785311,926.4952134862889,738.6920725776761,1299.280334,5639,3933,0.0,1.820937,1098.6740259711673,1758.782084,5721,2844,0.0,1.771994,588.9117120121501,1038.371001,6540,4609,0.05290519877675841,1.589885
1137,5102,0,30,10,20,1.15,synchronized,36100,29026,7074,0,8107142,5,0,1434.1866878810513,1112.0327662385416,1040.3111390193612,1084.022209,5628,5010,0.0,1.67998,1114.433373623157,1192.491876,5635,4612,0.0,1.74028,1083.859358880843,1112.846251,6399,4792,0.0,1.753135
1137,5103,1,30,10,20,1.15,synchronized,36504,24796,11708,0,2923169,1,,1363.7508864805195,2087.938630427457,720.7564108268482,1362.622459,5639,4112,0.0,1.643953,1263.77725127375,1351.691958,5721,3200,0.9529802482083551,1.446265,1356.421046326238,2258.400293,6540,4604,0.0,1.878966
632,5101,0.25,30,10,20,1.15,synchronized,20681,20576,105,0,1173681,,,1409.423823571875,1144.698792164042,722.8456955448505,1268.741876,3114,3010,0.0,1.919549,387.8627003178125,684.66425,3200,3200,0.075,1.552849,675.1667779735789,1300.752959,3747,3747,0.052575393648251936,1.6039
884,5102,0.25,30,10,20,1.15,synchronized,28310,21704,6606,0,3060923,,,1476.3594204660194,1378.5114267176166,740.7065521309895,1278.924417,4455,3527,0.0,2.134421,787.7527968560335,1270.172543,4357,3348,0.06242827633692908,1.801213,745.299121707675,1214.918084,5079,3544,0.0,2.035433
1137,5104,0,30,10,20,1.15,staggered,36305,25042,11263,0,4991764,,,1001.375259124183,1084.291287461929,849.2995198804781,1233.256876,5624,3765,0.0,1.783086,711.7429660677366,1133.624334,5749,4237,0.0,1.612162,803.6521401348285,1271.760417,6592,3879,0.0,1.813026
884,5104,0,30,10,20,1.15,synchronized,28241,21570,6654,17,4220472,,,1383.9415862435064,1177.3869816458753,977.2203963104704,1867.429376,4437,3295,0.0,1.966544,1010.3427877970315,1458.906001,4443,2695,0.0,3.60567,720.1445295459488,1261.165459,4982,3863,0.0,2.047052
884,5102,0,30,10,20,1.15,staggered,28310,27764,546,0,1283294,,,807.9351812485207,590.7998026362586,66.74281945589226,322.565084,4455,4455,0.0,1.800577,395.1914904889775,1027.171959,4357,4264,0.0,1.625543,358.2452620224454,644.913583,5079,5079,0.0,1.278722
632,5103,1,30,10,20,1.15,staggered,20501,20501,0,0,0,,0,13.648368526315789,6.1599091855670105,13.503958685139319,14.938583,3230,3230,0.0,1.964682,3.171723023755288,5.932084,3073,3073,0.9817767653758542,1.808041,5.156322766467066,11.926542,3674,3674,1.0,1.42524
884,5102,0.25,30,10,20,1.15,staggered,28310,27240,1070,0,492947,,,499.0958776624526,830.3160727620137,14.894863530864198,18.148,4455,4455,0.0,1.580468,195.89060821161348,663.643042,4357,4357,0.3587330732155153,1.674152,461.08573821375154,758.868542,5079,4814,0.026383146288639497,1.401685
632,5101,1,30,10,20,1.15,synchronized,20681,20681,0,0,89814,,0,657.1142646585714,19.691540300689656,15.523314412331407,17.075542,3114,3114,0.0,2.010754,160.443584740625,549.678333,3200,3200,0.0,1.812195,18.016424615959433,25.570542,3747,3747,0.0,1.679219
1137,5101,1,30,10,20,1.15,synchronized,36725,20996,15729,0,5343662,,,2683.25586934375,1227.483855902,1507.300811482415,1672.930084,5774,3412,0.0,5.770465,1163.146306812955,2695.365793,5890,2748,0.0,2.144935,868.8722586535816,1268.674626,6601,3490,0.019542493561581577,1.812278
884,5101,1,30,10,20,1.15,staggered,28704,23651,5053,0,3501715,,,1779.7469560110344,1343.2171239352015,623.8512524712372,1101.366043,4423,3807,0.0,1.89899,1115.0881255907982,1805.555543,4420,3282,0.0,1.757804,915.0416075650085,1459.9065,5064,3538,0.06358609794628751,1.789181
1137,5101,0,30,10,20,1.15,staggered,36725,22056,14669,0,7136383,0,0,1687.2160606971015,1537.3434216812586,1250.0088017288801,1589.040375,5774,3563,0.0,2.338016,1321.9537604866355,1747.341668,5890,3629,0.0,7.307578,1355.2497486596817,1465.565751,6601,3770,0.0,1.983613
632,5101,0.25,30,10,20,1.15,staggered,20681,20681,0,0,1394,,,133.36732647424242,130.6775389099723,13.817249421001927,15.629708,3114,3114,0.0,1.974356,61.2971360034375,214.134833,3200,3200,0.1703125,1.773651,43.482566127301844,143.502792,3747,3747,0.20496397117694154,1.736598
632,5104,0,30,10,20,1.15,synchronized,20335,20335,0,0,429605,,,563.8514824060607,517.9421032634483,72.32072802118913,431.263375,3162,3162,0.0,1.918038,232.79816117698826,594.789333,3068,3068,0.0,1.916189,15.103899156241388,17.318583,3629,3629,0.0,1.760725
884,5103,1,30,10,20,1.15,staggered,28465,27879,586,0,936429,,,552.2040356153847,499.3547194727992,755.7624847338914,1266.587417,4465,3942,0.0,2.08894,48.0855737438914,89.019417,4420,4420,0.0,1.355474,416.643523479269,808.527333,5089,5089,0.12163489880133621,1.340452
884,5104,0.25,30,10,20,1.15,staggered,28241,25772,2469,0,1822867,,,1644.5492587225274,761.3249390864584,272.01950891029975,588.202875,4437,4437,0.0,1.870755,780.7755370008663,1275.608459,4443,3463,0.0,1.948359,495.07405908105744,785.961083,4982,4577,0.10658370132476917,1.494826
632,5102,0,30,10,20,1.15,staggered,20417,20417,0,0,6071,1,0,21.14251155280528,14.662703078877005,24.336130735819975,73.704375,3244,3244,0.0,1.880594,14.467096514975845,16.746542,3105,3105,0.0,1.780161,14.161522566619915,15.990125,3565,3565,0.0,1.754961
632,5103,1,30,10,20,1.15,synchronized,20501,20501,0,0,0,5,0,37.68811520673077,12.08866847632312,13.998913400309597,15.931292,3230,3230,0.0,1.848527,10.17914757598438,15.630958,3073,3073,0.3472177025707777,1.898852,8.110388635819271,15.834875,3674,3674,0.5906369080021775,1.740991
884,5101,0.25,30,10,20,1.15,synchronized,28704,24964,3740,0,1907777,,,764.3187420667462,1549.4019596936275,230.85684617522043,468.578042,4423,4423,0.0,1.55871,607.6301397807773,1419.661709,4420,4297,0.05384615384615385,1.827891,807.3298358023831,1253.773001,5064,3441,0.0,1.733077
1137,5102,1,30,10,20,1.15,synchronized,36100,21612,14488,0,5696170,,,2603.23913347191,1237.8998246033655,1383.777297512738,1461.79425,5628,3729,0.0,1.991601,1351.8944160295741,2622.42021,5635,2536,0.0,2.019918,854.5231952596355,1320.583418,6399,3347,0.0,1.892061
1137,5104,0,30,10,20,1.15,synchronized,36305,28882,7423,0,8584251,,1,1194.796617979592,1094.4712973593118,1570.8562810302542,2001.585792,5624,3107,0.0,8.332198,1024.7356777465552,1242.357501,5749,4790,0.0,2.51659,948.6132024808085,1006.268667,6592,5393,0.0,1.509846
632,5102,0.25,30,10,20,1.15,synchronized,20417,20417,0,0,0,0,2,14.046920525619834,197.86460446666666,15.012627722564735,18.614833,3244,3244,0.0,1.829064,8.27397119967794,15.001,3105,3105,0.5017713365539452,1.90536,68.6641516684432,237.104292,3565,3565,0.19915848527349228,1.879359
1137,5101,0.25,30,10,20,1.15,synchronized,36725,27745,8980,0,2478429,,,1432.7733691120163,1477.2323913592234,570.2900352795533,889.306292,5774,5194,0.0,1.529597,803.4327025141649,2128.961959,5890,4730,0.07147707979626486,1.68957,832.2710040832142,1195.502125,6601,3497,0.0,1.795183
632,5102,1,30,10,20,1.15,synchronized,20417,18960,1457,0,1206227,,,1822.4678973728223,1264.6938965964912,50.86763863162762,240.53625,3244,3244,0.0,1.690273,989.8601796827697,2227.231709,3105,3105,0.2099838969404187,2.182579,745.3901830974894,1248.652209,3565,3067,0.0,2.327366
1137,5101,0.25,30,10,20,1.15,staggered,36725,25715,11010,0,3147275,2,1,1483.5028758211588,1342.3546461670733,878.877682414621,1355.360292,5774,3707,0.0,1.900983,1344.9740386632182,2390.988793,5890,3673,0.17266553480475383,1.753609,1152.2594573391575,2034.502543,6601,4178,0.176033934252386,1.674068
