phasing,cap,window,mean_latency_ms,mean_p95_ms,gateway_share,paired_change_pct,ci_low_pct,ci_high_pct,predicted_cost_ms,predicted_change_pct,predicted_gateway_share
staggered,0,expanded,18.09414528703972,23.519825,0.0,0.0,0.0,0.0,19.748844324889365,0.0,0.0
staggered,0,step,18.346983267631355,24.3523584,0.0,0.0,0.0,0.0,20.10832015447738,0.0,0.0
staggered,0.25,expanded,17.674133520379474,26.8908418,0.2473952428331796,-2.1747981496647006,-11.87545235898241,7.525856059653007,18.619450710403882,-5.718783316662812,0.25
staggered,0.25,step,19.81505516443231,34.1422666,0.23527384953589575,8.108414433952788,-2.2205538756144616,18.43738274352004,19.631008906707322,-2.3737002599084733,0.25
staggered,0.5,expanded,19.011814572440098,34.4309584,0.430842499179212,5.04908642855239,-5.5286176108946625,15.626790467999442,18.507133080418154,-6.287513456705362,0.4999999999999999
staggered,0.5,step,22.192081843558892,45.7033334,0.269222091698585,20.839468218942162,10.110107789521601,31.568828648362725,21.6196394170539,7.515890193542618,0.5
staggered,1,expanded,33.171145376500476,145.288917,0.346364684286636,84.74819576265544,-104.03694964938354,273.53334117469444,27.979792150960872,41.678123998871605,0.9175215445406824
staggered,1,step,21.865807260307466,42.413441399999996,0.3124041879296428,19.226135698320025,9.966037228922099,28.486234167717953,27.979799325997305,39.14538415466416,0.6674101422630411
synchronized,0,expanded,18.553852713552494,24.47035,0.0,0.0,0.0,0.0,19.748844324889365,0.0,0.0
synchronized,0,step,38.660123142661995,111.0001336,0.0,0.0,0.0,0.0,20.10832015447738,0.0,0.0
synchronized,0.25,expanded,17.746347993879358,27.0204,0.24776476507836032,-4.321666406040989,-15.018867146198485,6.375534334116506,18.619450710403882,-5.718783316662812,0.25
synchronized,0.25,step,19.90476630310556,32.7606832,0.23791449974756868,-31.87144289508397,-75.71234052980871,11.969454739640778,19.631008906707322,-2.3737002599084733,0.25
synchronized,0.5,expanded,26.48830645130893,66.7294002,0.46088534701023937,42.520844583624104,-61.14758907324215,146.18927824049035,18.507133080418154,-6.287513456705362,0.4999999999999999
synchronized,0.5,step,26.44620801106991,66.0914166,0.32308188359291096,-20.34537069557137,-53.482433325836695,12.791691934693958,21.6196394170539,7.515890193542618,0.5
synchronized,1,expanded,19.25671686016694,37.1831164,0.46908723749363584,3.825376376114762,-11.010803170680521,18.661555922910047,27.979792150960872,41.678123998871605,0.9175215445406824
synchronized,1,step,26.466453454781043,56.3833666,0.3062859277155883,-6.757399135089795,-83.56182088096561,70.04702261078602,27.979799325997305,39.14538415466416,0.6674101422630411
