seed,cap,phasing,rate,total_offered,total_completed,queue_dropped,unaccounted,throttled_usec,preference_switches,activation_settle_s,step_settle_s,before_mean_ms,before_p95_ms,before_offered,before_completed,before_gateway_share,before_send_lateness_p95_ms,expanded_mean_ms,expanded_p95_ms,expanded_offered,expanded_completed,expanded_gateway_share,expanded_send_lateness_p95_ms,step_mean_ms,step_p95_ms,step_offered,step_completed,step_gateway_share,step_send_lateness_p95_ms
7105,0,synchronized,273,18299,18299,0,0,0,154,11,12,18.093743126238532,23.860667,2725,2725,0.0,2.048217,18.18353001185185,23.840791,2700,2700,0.0,2.056513,20.80335276202694,38.875125,3118,3118,0.0,2.027586
7105,0.5,staggered,273,18299,18299,0,0,0,106,11,,18.27944074055046,24.138333,2725,2725,0.0,2.084306,16.904033998888888,29.165791,2700,2700,0.5255555555555556,2.102583,19.43823374983964,35.06025,3118,3118,0.3636946760744067,2.045398
7102,0,staggered,273,18382,18382,0,0,0,116,8,8,17.92208499304284,22.863584,2731,2731,0.0,2.05211,17.811187342528736,22.40325,2610,2610,0.0,2.051368,18.41552281179067,24.82825,3172,3172,0.0,2.014441
7102,0.5,staggered,273,18382,18382,0,0,0,173,,,18.128017182716953,23.984458,2731,2731,0.0,2.041108,20.60911411072797,39.429667,2610,2610,0.27547892720306516,2.516363,22.248914920239596,42.353583,3172,3172,0.1116015132408575,2.028355
7104,0.5,synchronized,273,18373,18373,0,0,0,96,,6,17.929381661266568,23.417083,2716,2716,0.0,2.068753,17.24129466666667,30.990375,2733,2733,0.5042078302231979,2.069877,20.493153245585876,40.291208,3115,3115,0.2571428571428571,2.028267
7101,0,staggered,273,18433,18433,0,0,0,127,14,3,17.975742605818184,23.643209,2750,2750,0.0,2.079872,18.036535481522137,23.56575,2733,2733,0.0,2.096074,18.15532826406504,23.838875,3075,3075,0.0,1.983595
7104,0,synchronized,273,18373,18373,0,0,0,121,,9,18.387747189248895,24.38325,2716,2716,0.0,2.145741,18.37802963629711,25.177625,2733,2733,0.0,2.019422,18.973031559550563,26.997917,3115,3115,0.0,1.994776
7101,0.25,synchronized,273,18433,18433,0,0,0,65,6,6,17.83752225309091,22.613166,2750,2750,0.0,2.017986,16.725505615806807,24.920125,2733,2733,0.24881083058909623,2.025504,18.07286383089431,28.095,3075,3075,0.2416260162601626,2.084456
7103,0.25,staggered,273,18403,18403,0,0,0,67,5,14,18.022409766152716,23.341125,2724,2724,0.0,2.039428,16.757109101614088,24.577792,2726,2726,0.2487160674981658,2.023351,18.30578622786417,28.331916,3151,3151,0.22310377657886385,2.033953
7101,1,staggered,273,18433,18433,0,0,0,188,,2,17.819532758545453,22.273875,2750,2750,0.0,2.024448,17.498254750457374,33.710792,2733,2733,0.5616538602268569,2.03534,19.720842656260164,36.146958,3075,3075,0.4510569105691057,2.049897
7101,0.25,staggered,273,18433,18433,0,0,0,90,7,,17.591116078909092,21.9885,2750,2750,0.0,1.970294,16.94014349323088,25.167667,2733,2733,0.243322356384925,2.027568,20.076111449105692,33.22575,3075,3075,0.2708943089430894,2.364076
7105,0.5,synchronized,273,18299,18299,0,0,0,142,,,18.321963382752294,23.946875,2725,2725,0.0,2.125529,16.611061652222222,29.666333,2700,2700,0.5585185185185185,2.126891,20.29413652469532,38.772584,3118,3118,0.41853752405388067,2.034273
7101,1,synchronized,273,18433,18433,0,0,0,187,,3,18.289827894545454,24.039209,2750,2750,0.0,2.077044,16.894202978046103,29.851958,2733,2733,0.5162824734723747,2.081725,19.960193592845528,36.086875,3075,3075,0.3671544715447154,1.994268
7104,0,staggered,273,18373,18373,0,0,0,107,1,0,17.850604307805597,23.094584,2716,2716,0.0,2.01311,17.952484971459935,23.73575,2733,2733,0.0,2.013636,17.97049288154093,23.316208,3115,3115,0.0,1.987366
7102,0.25,synchronized,273,18382,18382,0,0,0,61,7,,18.058083890516293,23.224208,2731,2731,0.0,2.026921,16.612546953256704,24.485125,2610,2610,0.25019157088122607,2.101949,19.183466756935687,33.048042,3172,3172,0.20649432534678436,2.02769
7105,0,staggered,273,18299,18299,0,0,0,99,0,2,17.974360143119267,23.709791,2725,2725,0.0,2.047472,17.703236261111112,22.416333,2700,2700,0.0,2.025888,18.090675508338677,24.03775,3118,3118,0.0,1.992206
7105,0.25,synchronized,273,18299,18299,0,0,0,86,8,1,17.856112419082567,23.464083,2725,2725,0.0,2.023471,16.687718598148148,24.709666,2700,2700,0.25,2.049867,20.306019115779346,33.013708,3118,3118,0.2065426555484285,2.398543
7102,0,synchronized,273,18382,18382,0,0,0,167,4,,21.353126025631635,33.128834,2731,2731,0.0,2.451044,18.88603906321839,24.503334,2610,2610,0.0,2.390653,64.81981864029004,222.361958,3172,3172,0.0,2.271549
7102,0.5,synchronized,273,18382,18382,0,0,0,242,,2,19.11299988209447,25.580459,2731,2731,0.0,2.431739,24.427946378160918,58.691417,2610,2610,0.4762452107279693,2.485892,45.96569561506936,160.052208,3172,3172,0.3770491803278688,2.355433
7102,1,synchronized,273,18382,18382,0,0,0,231,,,18.823261703405347,24.870084,2731,2731,0.0,2.419662,20.998949310344827,42.074458,2610,2610,0.5555555555555556,2.42642,33.54039704791929,81.587875,3172,3172,0.292875157629256,2.317249
7101,0.5,staggered,273,18433,18433,0,0,0,207,,2,19.436319715636362,26.682625,2750,2750,0.0,2.481443,19.94947279143798,35.496959,2733,2733,0.3889498719356019,2.420195,22.46841174699187,39.706375,3075,3075,0.3743089430894309,2.387405
7105,0.25,staggered,273,18299,18299,0,0,0,141,,,19.761622419816515,27.182833,2725,2725,0.0,2.403842,19.254680830740742,29.793,2700,2700,0.21814814814814815,2.495192,21.013597426234767,36.806167,3118,3118,0.2325208466966004,2.377847
7103,0,synchronized,273,18403,18403,0,0,0,203,14,4,18.813053034875182,24.667625,2724,2724,0.0,2.445827,18.590942218268527,24.096875,2726,2726,0.0,2.351508,64.0047515172961,223.042834,3151,3151,0.0,2.272768
7105,1,staggered,273,18299,18299,0,0,0,184,,,19.656801405137614,27.667709,2725,2725,0.0,2.530587,28.12091456222222,95.321042,2700,2700,0.18925925925925927,2.648728,21.89978417190507,39.723708,3118,3118,0.2581783194355356,2.417135
7101,0.5,synchronized,273,18433,18433,0,0,0,180,,9,19.802627795272727,27.875209,2750,2750,0.0,2.514858,20.358315116721553,35.699667,2733,2733,0.3384559092572265,2.454887,20.40888475219512,33.058041,3075,3075,0.223739837398374,2.358877
7104,1,staggered,273,18373,18373,0,0,0,197,,,19.172540983063328,25.788292,2716,2716,0.0,2.456412,21.3358915740944,39.335,2733,2733,0.4372484449323088,2.422755,22.864223149598715,42.922875,3115,3115,0.21797752808988763,2.330693
7103,1,staggered,273,18403,18403,0,0,0,205,6,,19.743987987518356,27.813583,2724,2724,0.0,2.53254,18.23427407887014,25.918,2726,2726,0.17278063096111518,2.423743,21.970346619485877,39.35225,3151,3151,0.26721675658521105,2.31978
7105,1,synchronized,273,18299,18299,0,0,0,215,,,18.972114659082568,25.073042,2725,2725,0.0,2.47785,19.09995722037037,33.474625,2700,2700,0.4085185185185185,2.467033,24.256812726747917,49.101791,3118,3118,0.34188582424631175,2.402092
7101,0,synchronized,273,18433,18433,0,0,0,143,8,,19.184124823636363,26.016708,2750,2750,0.0,2.390857,18.7307226381266,24.733125,2733,2733,0.0,2.383381,24.69966123414634,43.722834,3075,3075,0.0,2.261618
7104,0.25,synchronized,273,18373,18373,0,0,0,89,11,,19.325747325846834,25.877125,2716,2716,0.0,2.455065,18.667863034760337,28.123667,2733,2733,0.2495426271496524,2.463719,20.14638228764045,32.404958,3115,3115,0.263884430176565,2.396429
7103,0.5,staggered,273,18403,18403,0,0,0,192,,,19.108392323054332,26.078417,2724,2724,0.0,2.478548,20.054963830154072,36.673834,2726,2726,0.46221570066030815,2.442864,25.095160159631863,61.723,3151,3151,0.23294192319898446,2.357231
7103,0,staggered,273,18403,18403,0,0,0,145,11,5,19.25674262665198,25.977666,2724,2724,0.0,2.447821,18.96728237857667,25.478042,2726,2726,0.0,2.440499,19.102896872421454,25.740709,3151,3151,0.0,2.394509
7102,1,staggered,273,18382,18382,0,0,428366,154,,8,18.683282711827168,24.776625,2731,2731,0.0,2.416699,80.66639191685823,532.159751,2610,2610,0.3708812260536398,29.725546,22.873839704287516,53.921416,3172,3172,0.36759142496847413,2.087722
7104,0.25,staggered,273,18373,18373,0,0,0,96,,5,18.856964892488953,26.526,2716,2716,0.0,2.120748,17.266566770947676,25.918167,2733,2733,0.2689352360043908,2.140716,18.65612071107544,32.062458,3115,3115,0.24430176565008024,2.08361
7103,1,synchronized,273,18403,18403,0,0,0,187,,6,18.039235203377388,23.713042,2724,2724,0.0,2.045144,17.431874819515773,31.0965,2726,2726,0.6089508437270726,2.159399,19.035248099650904,31.679959,3151,3151,0.2100920342748334,2.170832
7104,1,synchronized,273,18373,18373,0,0,0,227,,,18.88520704896907,26.624333,2716,2716,0.0,2.229711,21.858599972557627,49.418041,2733,2733,0.2561287961946579,2.251558,35.53961580674157,83.460333,3115,3115,0.31942215088282505,2.418352
7102,0.25,staggered,273,18382,18382,0,0,0,122,,,18.914505994507508,26.185458,2731,2731,0.0,2.339504,18.152167405363986,28.997583,2610,2610,0.2578544061302682,2.513616,21.023660007881464,40.285042,3172,3172,0.2055485498108449,2.238276
7103,0.25,synchronized,273,18403,18403,0,0,0,186,11,,33.034335910425845,92.101333,2724,2724,0.0,2.747363,20.0381057674248,32.863417,2726,2726,0.24027879677182684,2.717609,21.815099524278008,37.241708,3151,3151,0.2710250714059029,2.508698
7103,0.5,synchronized,273,18403,18403,0,0,0,259,,,20.280058718061674,28.471833,2724,2724,0.0,2.665425,53.80291444277329,178.599209,2726,2726,0.42699926632428464,2.927664,25.069169917803872,58.283042,3151,3151,0.3389400190415741,2.455725
7104,0.5,staggered,273,18373,18373,0,0,0,129,,5,19.785009046023564,28.673916,2716,2716,0.0,2.251075,17.541488130991585,31.388541,2733,2733,0.5020124405415295,2.166809,21.709688641091493,49.673459,3115,3115,0.26356340288924557,2.165894
