topology,kappa,baseline_cost,cost,penalty,gateway_share,relative_gap,iterations,seconds
fat_tree_k4,0.0,1.5809411158321838,1.5809411158321838,0.0,0.0,9.95452620905189e-06,819,0.03981583399581723
fat_tree_k4,0.01,1.5809411158321838,1.5807999017057688,-8.932282486729886e-05,0.01,9.985291113179817e-06,804,0.03837287500209641
fat_tree_k4,0.02,1.5809411158321838,1.5807588124018965,-0.00011531323239150704,0.02,9.96153904241603e-06,790,0.037619334005285054
fat_tree_k4,0.03,1.5809411158321838,1.5808178583255934,-7.796464103312765e-05,0.03,9.996320137038637e-06,775,0.03697516699321568
fat_tree_k4,0.04,1.5809411158321838,1.5809770331422996,2.2718942379436766e-05,0.04,9.975499099766177e-06,764,0.03644645799067803
fat_tree_k4,0.05,1.5809411158321838,1.5812363030025083,0.0001867161068608964,0.05,9.952584644363648e-06,752,0.03616045799572021
fat_tree_k4,0.06,1.5809411158321838,1.5815956468311712,0.0004140135217135168,0.06,9.983356019045178e-06,737,0.03637112501019146
fat_tree_k4,0.07,1.5809411158321838,1.582055277905628,0.0007047460922400023,0.07,9.940016364876064e-06,725,0.03530999999202322
fat_tree_k4,0.08,1.5809411158321838,1.582614971617801,0.0010587717460534276,0.08,9.986281327533317e-06,710,0.033924082992598414
fat_tree_k4,0.09,1.5809411158321838,1.5832747577129742,0.00147610929807594,0.09,9.968497657861179e-06,698,0.03519491699989885
fat_tree_k4,0.1,1.5809411158321838,1.5840346306307638,0.0019567552311723006,0.1,9.960169588429442e-06,689,0.034126915998058394
fat_tree_k4,0.11,1.5809411158321838,1.584894675926531,0.0025007636620710725,0.11,9.944982901127124e-06,677,0.032879791004233994
fat_tree_k4,0.12,1.5809411158321838,1.5858548399616086,0.003108100662457818,0.12,9.933426765125683e-06,663,0.03191237499413546
fat_tree_k4,0.13,1.5809411158321838,1.58691518168293,0.003778803518309204,0.13,9.995497293362283e-06,648,0.031217541996738873
fat_tree_k4,0.14,1.5809411158321838,1.5880756480805847,0.004512838699020976,0.14,9.986031127178948e-06,636,0.03111499999067746
fat_tree_k4,0.15,1.5809411158321838,1.5893362102963116,0.005310187950743966,0.15,9.979193175741995e-06,624,0.030157542001688853
fat_tree_k4,0.16,1.5809411158321838,1.59069694203689,0.006170897895568263,0.16,9.977795819547015e-06,613,0.02950758299266454
fat_tree_k4,0.17,1.5809411158321838,1.5921577628204895,0.0070949176259492985,0.17,9.975627441293244e-06,601,0.02889429099741392
fat_tree_k4,0.18,1.5809411158321838,1.5937186989938106,0.008082263807087386,0.18,9.978438731026498e-06,587,0.028085582991479896
fat_tree_k4,0.19,1.5809411158321838,1.5953797770505318,0.009132953197151641,0.19,9.981869751048406e-06,575,0.027951790994848125
fat_tree_k4,0.2,1.5809411158321838,1.597140983886691,0.010246977507432255,0.2,9.988518560533438e-06,563,0.026932416993076913
fat_tree_k4,0.21,1.5809411158321838,1.5990021817517126,0.011424249605920176,0.21,9.991408396815158e-06,558,0.0270100839989027
fat_tree_k4,0.22,1.5809411158321838,1.6009636055316432,0.012664918066173434,0.22,9.9122471079716e-06,549,0.02632504201028496
fat_tree_k4,0.23,1.5809411158321838,1.6030251968940301,0.013968945990895815,0.23,9.927735284263822e-06,537,0.025691792005090974
fat_tree_k4,0.24,1.5809411158321838,1.605187027306129,0.01533637858560127,0.24,9.911657311679237e-06,525,0.0252600829990115
fat_tree_k4,0.25,1.5809411158321838,1.607448903932146,0.01676709387497265,0.25,9.941791052615961e-06,512,0.024591791996499524
fat_tree_k4,0.26,1.5809411158321838,1.609810880418529,0.018261125792245935,0.26,9.971234136349033e-06,500,0.024316499999258667
fat_tree_k4,0.27,1.5809411158321838,1.6122729843951202,0.019818491814253204,0.27,9.898765601581508e-06,491,0.02373466700373683
fat_tree_k4,0.28,1.5809411158321838,1.6148352172577485,0.02143919282390436,0.28,9.936948678315432e-06,479,0.02337754199106712
fat_tree_k4,0.29,1.5809411158321838,1.617497577790033,0.02312322805179644,0.29,9.982337487422732e-06,467,0.02254887500021141
fat_tree_k4,0.3,1.5809411158321838,1.620260073464745,0.024870602224716196,0.3,9.922232918962776e-06,459,0.022563749997061677
fat_tree_k4,0.31,1.5809411158321838,1.623122585680062,0.026681240322903796,0.31,9.985265502492723e-06,453,0.02216808299999684
fat_tree_k4,0.32,1.5809411158321838,1.6260852658292841,0.028555238107864103,0.32,9.92946549693079e-06,442,0.021332375006750226
fat_tree_k4,0.33,1.5809411158321838,1.629148146018539,0.030492615887834536,0.33,9.878084822971312e-06,434,0.02102237500366755
fat_tree_k4,0.34,1.5809411158321838,1.632311140985881,0.032493319731682006,0.34,9.956189261153017e-06,422,0.020394082996062934
fat_tree_k4,0.35,1.5809411158321838,1.6355742694614896,0.03455736148689371,0.35,9.907323204077212e-06,413,0.01973083299526479
fat_tree_k4,0.36,1.5809411158321838,1.6389374471414562,0.03668468782832813,0.36,9.8605502990636e-06,406,0.020260541001334786
fat_tree_k4,0.37,1.5809411158321838,1.6424007869456436,0.03887537018170876,0.37,9.96357365494724e-06,396,0.01975891599431634
fat_tree_k4,0.38,1.5809411158321838,1.6459642704930169,0.041129396920394384,0.38,9.934303402998277e-06,390,0.01918454199039843
fat_tree_k4,0.39,1.5809411158321838,1.6496278258567523,0.043446722548178426,0.39,9.903929109108002e-06,383,0.023679999998421408
fat_tree_k4,0.4,1.5809411158321838,1.6533914771769938,0.0458273623345378,0.4,9.881849828169652e-06,374,0.018281124997884035
fat_tree_k4,0.41,1.5809411158321838,1.6572552283578867,0.04827131874897969,0.41,9.858827286004046e-06,368,0.017826875002356246
fat_tree_k4,0.42,1.5809411158321838,1.6612193450925008,0.05077875985157092,0.42,9.87319035462758e-06,359,0.01719425000192132
fat_tree_k4,0.43,1.5809411158321838,1.665283399281418,0.05334941485460558,0.43,9.868854927158407e-06,352,0.016878750000614673
fat_tree_k4,0.44,1.5809411158321838,1.6694475766354293,0.05598340122658968,0.44,9.873056057264831e-06,345,0.016633250008453615
fat_tree_k4,0.45,1.5809411158321838,1.6737119366093192,0.05868075657473316,0.45,9.89486939790869e-06,339,0.016252416011411697
fat_tree_k4,0.46,1.5809411158321838,1.6780765001403444,0.06144149414257594,0.46,9.841412375612908e-06,332,0.01594916700560134
fat_tree_k4,0.47,1.5809411158321838,1.6825410077237088,0.06426544978434849,0.47000000000000003,9.879147842964394e-06,323,0.015496791995246895
fat_tree_k4,0.48,1.5809411158321838,1.687105727955668,0.06715279339648321,0.48,9.926890802542627e-06,316,0.015196332999039441
fat_tree_k4,0.49,1.5809411158321838,1.6917709478505283,0.07010370652546749,0.48999999999999994,9.959475803038705e-06,306,0.014749957990716211
fat_tree_k4,0.5,1.5809411158321838,1.6965365367014826,0.07311810649471986,0.5,9.925801388018046e-06,296,0.014265999998315237
fat_tree_k4,0.51,1.5809411158321838,1.7014023320857823,0.0761958905662274,0.51,9.91605398637662e-06,285,0.01367825000488665
fat_tree_k4,0.52,1.5809411158321838,1.7063683512369667,0.07933706964080059,0.52,9.935566566331523e-06,275,0.013340874997084029
fat_tree_k4,0.53,1.5809411158321838,1.711434517788104,0.0825415954137106,0.53,9.946068937562352e-06,264,0.013044834005995654
fat_tree_k4,0.54,1.5809411158321838,1.716600778566106,0.08580943425113777,0.54,9.96781509409766e-06,253,0.012191332993097603
fat_tree_k4,0.55,1.5809411158321838,1.721866999504885,0.08914050135163948,0.55,9.90086042186403e-06,244,0.011709917002008297
fat_tree_k4,0.56,1.5809411158321838,1.7272336093653855,0.09253506792135996,0.56,9.976934011712686e-06,232,0.011159415997099131
fat_tree_k4,0.57,1.5809411158321838,1.7327002026528895,0.09599287747084875,0.57,9.928318359924757e-06,223,0.01072787499288097
fat_tree_k4,0.58,1.5809411158321838,1.7382670224588384,0.09951408376386021,0.58,9.978988176303726e-06,213,0.01025216699053999
fat_tree_k4,0.59,1.5809411158321838,1.743933853919024,0.10309855089134246,0.59,9.950898829226559e-06,204,0.009800041996641085
fat_tree_k4,0.6,1.5809411158321838,1.749700840425784,0.10674636955391456,0.6,9.933883868987157e-06,195,0.009358250012155622
fat_tree_k4,0.61,1.5809411158321838,1.7555679854679782,0.11045754195840081,0.61,9.929646285362311e-06,186,0.0088844580022851
fat_tree_k4,0.62,1.5809411158321838,1.7615354898620608,0.11423219512816252,0.62,9.975818311423436e-06,178,0.008594458005973138
fat_tree_k4,0.63,1.5809411158321838,1.767602669803818,0.11806989653335599,0.63,9.854635676016744e-06,171,0.008662291002110578
fat_tree_k4,0.64,1.5809411158321838,1.7737703109156069,0.12197114310732611,0.64,9.895919951710927e-06,162,0.008093582990113646
fat_tree_k4,0.65,1.5809411158321838,1.7800381594482106,0.1259357743449067,0.65,9.969039195588118e-06,151,0.0076188330131117254
fat_tree_k4,0.66,1.5809411158321838,1.7864056767170606,0.12996344950945463,0.66,9.83996833987618e-06,145,0.00720033299876377
fat_tree_k4,0.67,1.5809411158321838,1.792873999690938,0.13405488777309452,0.67,9.99403003963053e-06,137,0.0067955840058857575
fat_tree_k4,0.68,1.5809411158321838,1.7994419743872512,0.13820935920187755,0.68,9.936748246052614e-06,130,0.006428791995858774
fat_tree_k4,0.69,1.5809411158321838,1.806110812364104,0.14242763014825782,0.6900000000000001,9.994651238117452e-06,122,0.006089292000979185
fat_tree_k4,0.7,1.5809411158321838,1.812879153279873,0.1467088401490529,0.7,9.976609172348238e-06,115,0.005613707995507866
fat_tree_k4,0.71,1.5809411158321838,1.8197474712544586,0.15105328910151766,0.71,9.989547318714605e-06,109,0.0052432910015340894
fat_tree_k4,0.72,1.5809411158321838,1.826715658358821,0.15546090873679713,0.72,9.975206683745002e-06,104,0.005033708002883941
fat_tree_k4,0.73,1.5809411158321838,1.833784632273394,0.15993227951954245,0.7299999999999999,9.722048446318085e-06,97,0.004780500006745569
fat_tree_k4,0.74,1.5809411158321838,1.8409533573970591,0.16446674639618616,0.74,9.814843301284687e-06,91,0.004460333002498373
fat_tree_k4,0.75,1.5809411158321838,1.848222320663336,0.16906461736904055,0.75,9.694839525681475e-06,87,0.004510500002652407
fat_tree_k4,0.76,1.5809411158321838,1.8555917180174244,0.17372601638022972,0.76,9.841942923858881e-06,78,0.0038511249877046794
fat_tree_k4,0.77,1.5809411158321838,1.8630600252935376,0.1784499793421153,0.7700000000000001,9.643411948023562e-06,75,0.0036564580077538267
fat_tree_k4,0.78,1.5809411158321838,1.8706299749456499,0.18323823462645425,0.78,9.906957311161547e-06,68,0.0033001249976223335
fat_tree_k4,0.79,1.5809411158321838,1.8782997311797611,0.18808962102997254,0.79,9.715470804551753e-06,62,0.003154707999783568
fat_tree_k4,0.8,1.5809411158321838,1.8860697642459168,0.1930044360021074,0.8,9.752872242267377e-06,58,0.002910583993070759
fat_tree_k4,0.81,1.5809411158321838,1.8939387446286775,0.1979818385783056,0.8099999999999999,9.725905885153646e-06,55,0.00273820900474675
fat_tree_k4,0.82,1.5809411158321838,1.9019087030914275,0.20302311328672804,0.82,9.742528082642564e-06,50,0.0024975000123959035
fat_tree_k4,0.83,1.5809411158321838,1.9099791432955462,0.2081279461760103,0.83,9.836741660036359e-06,45,0.0022145000111777335
fat_tree_k4,0.84,1.5809411158321838,1.9181500545268233,0.21329633046904328,0.84,9.645274340678728e-06,39,0.0019344169995747507
fat_tree_k4,0.85,1.5809411158321838,1.9264188747762876,0.21852664560643645,0.85,9.462770654987578e-06,39,0.0019224589923396707
fat_tree_k4,0.86,1.5809411158321838,1.9347900269978493,0.22382168925969437,0.86,9.782692814885147e-06,34,0.0017057500081136823
fat_tree_k4,0.87,1.5809411158321838,1.943261604968176,0.22918025567655126,0.87,9.985584480075814e-06,24,0.0012117500009480864
fat_tree_k4,0.88,1.5809411158321838,1.9518326953201464,0.23460176712067535,0.88,9.947353778215929e-06,18,0.0009235000034095719
fat_tree_k4,0.89,1.5809411158321838,1.960504602682555,0.24008704881495518,0.89,9.978129412090753e-06,12,0.0006402919971151277
fat_tree_k4,0.9,1.5809411158321838,1.9692768990901253,0.24563583005653397,0.9,9.829800366461539e-06,7,0.0004259999986970797
fat_tree_k4,0.91,1.5809411158321838,1.9781425503956591,0.2512436615037331,0.91,6.806833117745623e-06,7,0.00040491699473932385
fat_tree_k4,0.92,1.5809411158321838,1.9871091185729177,0.2569153263668098,0.92,9.530043916875133e-06,6,0.00035591601044870913
fat_tree_k4,0.93,1.5809411158321838,1.996178437522665,0.26265198465150075,0.93,8.183950283452052e-06,6,0.0003549170069163665
fat_tree_k4,0.94,1.5809411158321838,2.005348448025439,0.2684523338301905,0.9400000000000001,6.9960966055841445e-06,6,0.0003544999926816672
fat_tree_k4,0.95,1.5809411158321838,2.0146185843951763,0.2743160160868554,0.95,5.814335255987696e-06,6,0.0003553749993443489
fat_tree_k4,0.96,1.5809411158321838,2.0239889375589395,0.28024308893601135,0.96,4.662032571613548e-06,6,0.0003547500091372058
fat_tree_k4,0.97,1.5809411158321838,2.0334608887254633,0.28623442604001087,0.97,3.885731391808594e-06,6,0.00035591699997894466
fat_tree_k4,0.98,1.5809411158321838,2.043032795808363,0.29228898872235415,0.9799999999999999,3.0197419543492563e-06,4,0.00026029199943877757
fat_tree_k4,0.99,1.5809411158321838,2.052705708874964,0.2984074411869859,0.99,2.228020521096583e-06,2,0.00016179199155885726
fat_tree_k4,1.0,1.5809411158321838,2.0624714285714285,0.3045845970586794,1.0,0.0,1,0.00011554099910426885
nsfnet,0.0,1.5867851086045286,1.5867851086045286,0.0,0.0,3.57714745264006e-07,61,0.0015172499988693744
nsfnet,0.01,1.5867851086045286,1.5867404933970097,-2.8116729402695964e-05,0.01,6.87473848968001e-07,60,0.0014819580101175234
nsfnet,0.02,1.5867851086045286,1.5867957683538318,6.717827918506915e-06,0.02,1.7465329909562033e-07,59,0.0014619160065194592
nsfnet,0.03,1.5867851086045286,1.586951708022114,0.00010499179547504625,0.03,5.658140801775237e-06,58,0.0014286670048022643
nsfnet,0.04,1.5867851086045286,1.587207205833058,0.0002660078080141416,0.04,0.0,55,0.0013902089995099232
nsfnet,0.05,1.5867851086045286,1.5875556006035048,0.0004855679542227114,0.05,0.0,55,0.0013595829950645566
nsfnet,0.06,1.5867851086045286,1.5880047728803641,0.0007686385946160935,0.06,0.0,53,0.0013121670053806156
nsfnet,0.07,1.5867851086045286,1.5885547226636363,0.0011152197291944281,0.07,0.0,53,0.0013063750084256753
nsfnet,0.08,1.5867851086045286,1.5892054499533215,0.001525311357957855,0.08,0.0,53,0.001301791999139823
nsfnet,0.09,1.5867851086045286,1.5899569547494192,0.001998913480906094,0.09,0.0,51,0.0012550840037874877
nsfnet,0.1,1.5867851086045286,1.59080923705193,0.002536026098039426,0.1,0.0,51,0.0012588749959832057
nsfnet,0.11,1.5867851086045286,1.5917622968608534,0.00313664920935757,0.11,0.0,49,0.0012164999934611842
nsfnet,0.12,1.5867851086045286,1.5928161341761897,0.0038007828148608064,0.12,0.0,49,0.0012567499943543226
nsfnet,0.13,1.5867851086045286,1.5939707489979387,0.004528426914548855,0.13,0.0,49,0.0012213339941808954
nsfnet,0.14,1.5867851086045286,1.5952261413261004,0.005319581508421856,0.14,0.0,47,0.0011587920016609132
nsfnet,0.15,1.5867851086045286,1.596582311160675,0.0061742465964798095,0.15,0.0,47,0.00116712499584537
nsfnet,0.16,1.5867851086045286,1.5980392585016623,0.007092422178722716,0.16,0.0,47,0.0011641660094028339
nsfnet,0.17,1.5867851086045286,1.5995969833490624,0.008074108255150574,0.17,0.0,45,0.001119292006478645
nsfnet,0.18,1.5867851086045286,1.6012554857028758,0.009119304825763664,0.18,0.0,45,0.0011102079879492521
nsfnet,0.19,1.5867851086045286,1.6030147655631015,0.010228011890561427,0.19,0.0,45,0.0011142500006826594
nsfnet,0.2,1.5867851086045286,1.60487482292974,0.011400229449544143,0.2,0.0,43,0.001068333993316628
nsfnet,0.21,1.5867851086045286,1.6068356578027914,0.012635957502711811,0.21,0.0,43,0.0010750410001492128
nsfnet,0.22,1.5867851086045286,1.6088972701822557,0.013935196050064571,0.22,0.0,43,0.0010676249949028715
nsfnet,0.23,1.5867851086045286,1.6110596600681326,0.015297945091602143,0.23,0.0,41,0.0010161249956581742
nsfnet,0.24,1.5867851086045286,1.6133228274604223,0.016724204627324667,0.24,0.0,41,0.0010208750027231872
nsfnet,0.25,1.5867851086045286,1.615686772359125,0.018213974657232283,0.25,0.0,39,0.0009635420137783512
nsfnet,0.26,1.5867851086045286,1.6181514947642404,0.019767255181324713,0.26,0.0,39,0.0009682499949121848
nsfnet,0.27,1.5867851086045286,1.6207169946757685,0.021384046199602096,0.27,0.0,39,0.0009722919930936769
nsfnet,0.28,1.5867851086045286,1.6233832720937096,0.02306434771206457,0.28,0.0,39,0.0009665830002631992
nsfnet,0.29,1.5867851086045286,1.626150327018063,0.02480815971871172,0.29,0.0,37,0.0009265830012736842
nsfnet,0.3,1.5867851086045286,1.6290181594488296,0.026615482219543955,0.3,0.0,37,0.0009495419944869354
nsfnet,0.31,1.5867851086045286,1.631986769386009,0.028486315214561287,0.31,0.0,37,0.0009329160093329847
nsfnet,0.32,1.5867851086045286,1.6350561568296011,0.030420658703763433,0.32,0.0,35,0.0008799579954938963
nsfnet,0.33,1.5867851086045286,1.638226321779606,0.03241851268715053,0.33,0.0,35,0.0008815000037429854
nsfnet,0.34,1.5867851086045286,1.6414972642360237,0.034479877164722575,0.34,0.0,35,0.0008925000001909211
nsfnet,0.35,1.5867851086045286,1.6448689841988544,0.036604752136479714,0.35,0.0,33,0.0008287079981528223
nsfnet,0.36,1.5867851086045286,1.648341481668098,0.03879313760242181,0.36,0.0,33,0.0008285829972010106
nsfnet,0.37,1.5867851086045286,1.651914756643754,0.04104503356254872,0.37,0.0,33,0.0008292919956147671
nsfnet,0.38,1.5867851086045286,1.6555888091258228,0.043360440016860576,0.38,0.0,31,0.0007749999931547791
nsfnet,0.39,1.5867851086045286,1.6593636391143047,0.045739356965357525,0.39,0.0,31,0.0007705830066697672
nsfnet,0.4,1.5867851086045286,1.6632392466091992,0.04818178440803929,0.4,0.0,31,0.0007738330023130402
nsfnet,0.41,1.5867851086045286,1.6672156316105067,0.05068772234490614,0.41,0.0,29,0.0007173330086516216
nsfnet,0.42,1.5867851086045286,1.6712927941182267,0.05325717077595781,0.42,0.0,29,0.0007254170050146058
nsfnet,0.43,1.5867851086045286,1.6754707341323598,0.05589012970119457,0.43,0.0,29,0.0007194579957285896
nsfnet,0.44,1.5867851086045286,1.6797494516529055,0.05858659912061614,0.44,0.0,29,0.0007260830025188625
nsfnet,0.45,1.5867851086045286,1.6841289466798641,0.0613465790342228,0.45,0.0,27,0.0006739160016877577
nsfnet,0.46,1.5867851086045286,1.6886092192132351,0.06417006944201414,0.46,0.0,27,0.0006760830001439899
nsfnet,0.47,1.5867851086045286,1.6931902692530192,0.06705707034399057,0.47,0.0,27,0.0006812079955125228
nsfnet,0.48,1.5867851086045286,1.6978720967992162,0.07000758174015209,0.48,0.0,25,0.0006454999966081232
nsfnet,0.49,1.5867851086045286,1.7026547018518259,0.07302160363049842,0.49,0.0,25,0.0006375000084517524
nsfnet,0.5,1.5867851086045286,1.7075380844108483,0.07609913601502971,0.5,0.0,25,0.0006347080052364618
nsfnet,0.51,1.5867851086045286,1.7125222444762838,0.0792401788937461,0.51,0.0,25,0.0006278749933699146
nsfnet,0.52,1.5867851086045286,1.7176071820481318,0.08244473226664728,0.52,0.0,23,0.0005872499896213412
nsfnet,0.53,1.5867851086045286,1.7227928971263926,0.08571279613373342,0.53,0.0,23,0.0005864160048076883
nsfnet,0.54,1.5867851086045286,1.7280793897110664,0.08904437049500466,0.54,0.0,23,0.0005876249924767762
nsfnet,0.55,1.5867851086045286,1.7334666598021529,0.0924394553504607,0.55,0.0,23,0.0005869159940630198
nsfnet,0.56,1.5867851086045286,1.738954707399652,0.09589805070010171,0.56,0.0,21,0.0005396670021582395
nsfnet,0.57,1.5867851086045286,1.744543532503564,0.09942015654392766,0.57,0.0,21,0.0005417920037871227
nsfnet,0.58,1.5867851086045286,1.7502331351138891,0.10300577288193871,0.58,0.0,21,0.0005592920060735196
nsfnet,0.59,1.5867851086045286,1.7560235152306267,0.10665489971413457,0.59,0.0,21,0.0005397909990279004
nsfnet,0.6,1.5867851086045286,1.7619146728537773,0.11036753704051552,0.6,0.0,19,0.0004927499976474792
nsfnet,0.61,1.5867851086045286,1.7679066079833403,0.11414368486108115,0.61,0.0,19,0.00048658400191925466
nsfnet,0.62,1.5867851086045286,1.7739993206193165,0.11798334317583199,0.62,0.0,19,0.00048704199434723705
nsfnet,0.63,1.5867851086045286,1.7801928107617053,0.12188651198476766,0.63,0.0,19,0.00048637499276082963
nsfnet,0.64,1.5867851086045286,1.7864870784105071,0.1258531912878884,0.64,0.0,17,0.00044674999662674963
nsfnet,0.65,1.5867851086045286,1.7928821235657215,0.12988338108519398,0.65,0.0,17,0.00044345800415612757
nsfnet,0.66,1.5867851086045286,1.799377946227349,0.13397708137668465,0.66,0.0,17,0.0004460420022951439
nsfnet,0.67,1.5867851086045286,1.805974546395389,0.13813429216236014,0.67,0.0,17,0.00044600000546779484
nsfnet,0.68,1.5867851086045286,1.812671924069842,0.1423550134422207,0.68,0.0,15,0.0003964160132454708
nsfnet,0.69,1.5867851086045286,1.8194700792507073,0.14663924521626595,0.69,0.0,15,0.0003950420068576932
nsfnet,0.7,1.5867851086045286,1.8263690119379858,0.15098698748449643,0.7,0.0,15,0.0003920419985661283
nsfnet,0.71,1.5867851086045286,1.833368722131677,0.1553982402469117,0.71,0.0,15,0.000398666990804486
nsfnet,0.72,1.5867851086045286,1.840469209831781,0.15987300350351194,0.72,0.0,13,0.00034837500425055623
nsfnet,0.73,1.5867851086045286,1.847670475038298,0.16441127725429727,0.73,0.0,13,0.0003477080026641488
nsfnet,0.74,1.5867851086045286,1.8549725177512277,0.16901306149926756,0.74,0.0,13,0.0003468750073807314
nsfnet,0.75,1.5867851086045286,1.8623753379705699,0.1736783562384225,0.75,0.0,13,0.0003480830055195838
nsfnet,0.76,1.5867851086045286,1.869878935696325,0.17840716147176255,0.76,0.0,11,0.00029920799715910107
nsfnet,0.77,1.5867851086045286,1.8774833109284932,0.1831994771992877,0.77,0.0,11,0.0002989999920828268
nsfnet,0.78,1.5867851086045286,1.885188463667074,0.18805530342099766,0.78,0.0,11,0.0002998750132974237
nsfnet,0.79,1.5867851086045286,1.8929943939120677,0.1929746401368927,0.79,0.0,11,0.00029958400409668684
nsfnet,0.8,1.5867851086045286,1.9009011016634738,0.1979574873469724,0.8,0.0,11,0.0002992910012835637
nsfnet,0.81,1.5867851086045286,1.9089085869212934,0.2030038450512375,0.81,0.0,9,0.000251750010647811
nsfnet,0.82,1.5867851086045286,1.917016849685525,0.20811371324968714,0.82,0.0,9,0.000251916004344821
nsfnet,0.83,1.5867851086045286,1.92522588995617,0.21328709194232198,0.83,0.0,9,0.00025008400552906096
nsfnet,0.84,1.5867851086045286,1.9335357077332276,0.21852398112914165,0.84,0.0,9,0.00025070800620596856
nsfnet,0.85,1.5867851086045286,1.9419463030166981,0.2238243808101464,0.85,0.0,9,0.00027154099370818585
nsfnet,0.86,1.5867851086045286,1.950457675806581,0.22918829098533583,0.86,0.0,7,0.00021558300068136305
nsfnet,0.87,1.5867851086045286,1.9590698261028774,0.23461571165471065,0.87,0.0,7,0.00020583299919962883
nsfnet,0.88,1.5867851086045286,1.9677827539055859,0.24010664281827,0.88,0.0,7,0.00020570900232996792
nsfnet,0.89,1.5867851086045286,1.9765964592147076,0.24566108447601454,0.89,0.0,7,0.00020470899471547455
nsfnet,0.9,1.5867851086045286,1.985510942030242,0.25127903662794393,0.9,0.0,5,0.0001562919933348894
nsfnet,0.91,1.5867851086045286,1.9945262023521892,0.2569604992740584,0.91,0.0,5,0.00015474999963771552
nsfnet,0.92,1.5867851086045286,2.003642240180549,0.26270547241435754,0.92,0.0,5,0.00015662499936297536
nsfnet,0.93,1.5867851086045286,2.012863181619557,0.2685165563405971,0.93,1.725809847535244e-06,4,0.00013162499817553908
nsfnet,0.94,1.5867851086045286,2.022185061841144,0.27439125239807716,0.94,3.4859818058232374e-06,4,0.00013270799536257982
nsfnet,0.95,1.5867851086045286,2.031605962963815,0.28032835192818034,0.95,4.496019003055806e-06,4,0.00013070899876765907
nsfnet,0.96,1.5867851086045286,2.0411254183494694,0.2863275608532164,0.96,4.588616640987837e-06,4,0.0001323750038864091
nsfnet,0.97,1.5867851086045286,2.050734091918541,0.2923829955286287,0.97,0.0,2,8.366699330508709e-05
nsfnet,0.98,1.5867851086045286,2.0604681866666668,0.29851747126535033,0.98,5.5626516055117026e-06,1,5.904099089093506e-05
nsfnet,0.99,1.5867851086045286,2.0634062497070884,0.3003690534515516,0.9831273188830307,5.0770203214372945e-06,2,8.345898822881281e-05
nsfnet,1.0,1.5867851086045286,2.065759580112912,0.30185213417436796,0.985630076944328,9.342545202306698e-06,13,0.0003440000000409782
geant,0.0,1.5952957140332833,1.5952957140332833,0.0,0.0,9.918713361685897e-06,39,0.0010620000102790073
geant,0.01,1.5952957140332833,1.5952361827001063,-3.731680130107906e-05,0.01,9.897967693539544e-06,39,0.0010612920013954863
geant,0.02,1.5952957140332833,1.595277455017728,-1.144553664545155e-05,0.02,9.876566157229501e-06,39,0.0010647919989423826
geant,0.03,1.5952957140332833,1.595419530983285,7.76137921719255e-05,0.03,9.85451144936502e-06,39,0.0010685409943107516
geant,0.04,1.5952957140332833,1.595662410593797,0.00022986118328288267,0.04,9.831806451460148e-06,39,0.0010683750006137416
geant,0.05,1.5952957140332833,1.5960060938461595,0.00044529663474130577,0.05,9.808454225005519e-06,43,0.0012182920036138967
geant,0.06,1.5952957140332833,1.59645058073714,0.000723920144521048,0.06,9.7844580060543e-06,43,0.0011696250003296882
geant,0.07,1.5952957140332833,1.5969958712633672,0.0010657317105086921,0.07,9.759821198123783e-06,45,0.001221624988829717
geant,0.08,1.5952957140332833,1.597641965421326,0.0014707313305010454,0.08,9.734547366440854e-06,47,0.001298584000323899
geant,0.09,1.5952957140332833,1.598388863207347,0.0019389190021977625,0.09,9.708640230736332e-06,47,0.0012837089889217168
geant,0.1,1.5952957140332833,1.5992365646175999,0.0024702947231978654,0.1,9.682103657388105e-06,49,0.0013250829942990094
geant,0.11,1.5952957140332833,1.6001850696480822,0.003064858490992507,0.11,9.65494165227041e-06,49,0.0013258330000098795
geant,0.12,1.5952957140332833,1.6012343782946108,0.0037226103029595406,0.12,9.627158351718442e-06,49,0.0013261659914860502
geant,0.13,1.5952957140332833,1.6023844905528097,0.004443550156355867,0.13,9.598758014062541e-06,51,0.0014172079972922802
geant,0.14,1.5952957140332833,1.6036354064180984,0.005227678048310196,0.14,9.56974500954778e-06,51,0.0013908330001868308
geant,0.15,1.5952957140332833,1.6049879277739563,0.006075496633892894,0.15,9.972239070156035e-06,49,0.0013201669935369864
geant,0.16,1.5952957140332833,1.6064404478138132,0.00698599869760411,0.16,9.940702262638996e-06,51,0.0013816249993396923
geant,0.17,1.5952957140332833,1.6079937714453645,0.007959688790222791,0.17,9.908542442641134e-06,53,0.001444583002012223
geant,0.18,1.5952957140332833,1.609647898663013,0.008996566908240444,0.18,9.875764635270344e-06,53,0.0014312909916043282
geant,0.19,1.5952957140332833,1.6114028294608789,0.010096633047971397,0.19,9.84237392832551e-06,55,0.001478083009715192
geant,0.2,1.5952957140332833,1.6132585638327857,0.01125988720554388,0.2,9.808375459912799e-06,55,0.0014913750055711716
geant,0.21,1.5952957140332833,1.615215101772237,0.012486329376885699,0.21,9.773774403827764e-06,55,0.0014844580000499263
geant,0.22,1.5952957140332833,1.6172724432723964,0.013775959557711557,0.22,9.738575954040332e-06,55,0.0014870410086587071
geant,0.23,1.5952957140332833,1.6194305883260636,0.015128777743507895,0.23,9.70278530950409e-06,55,0.0014840829971944913
geant,0.24,1.5952957140332833,1.6216895369256492,0.01654478392951744,0.24,9.66640765648849e-06,55,0.0014572920044884086
geant,0.25,1.5952957140332833,1.6240492890631482,0.018023978110722216,0.25,9.629448151470663e-06,57,0.0015399169933516532
geant,0.26,1.5952957140332833,1.6265098447301092,0.01956636028182462,0.26,9.59191190142902e-06,57,0.0015427500038640574
geant,0.27,1.5952957140332833,1.629071203917603,0.021171930437227385,0.27,9.553803944097304e-06,57,0.0015665410028304905
geant,0.28,1.5952957140332833,1.6317342032392141,0.022841213002325295,0.28,9.96858758836458e-06,55,0.0014877079956931993
geant,0.29,1.5952957140332833,1.6344971661250387,0.024573157030958796,0.29,9.927605880893626e-06,55,0.0014971659984439611
geant,0.3,1.5952957140332833,1.6373609325004692,0.026368289024506397,0.3,9.886045899090414e-06,55,0.0014787919935770333
geant,0.31,1.5952957140332833,1.6403255023541472,0.028226608975848118,0.31,9.843912589593495e-06,55,0.0014960419939598069
geant,0.32,1.5952957140332833,1.6433908756740165,0.030148116877426658,0.32,9.801210708455587e-06,55,0.001470583985792473
geant,0.33,1.5952957140332833,1.6465570524472655,0.03213281272121106,0.33,9.757944788557402e-06,55,0.0014889159938320518
geant,0.34,1.5952957140332833,1.649824032660268,0.03418069649865997,0.34,9.714119107777312e-06,55,0.0015009579947218299
geant,0.35,1.5952957140332833,1.6531918162985164,0.036291768200679315,0.35,9.669737652061407e-06,55,0.0014927919983165339
geant,0.36,1.5952957140332833,1.6566604033465457,0.038466027817575,0.36,9.624804076298362e-06,55,0.0014805000100750476
geant,0.37,1.5952957140332833,1.660229793787856,0.040703475339004154,0.37,9.579321662608783e-06,55,0.0014900000096531585
geant,0.38,1.5952957140332833,1.6638999876048188,0.04300411075391645,0.38,9.5332932735855e-06,55,0.001487292000092566
geant,0.39,1.5952957140332833,1.6676718670572732,0.0453684871007432,0.39,9.964406922481877e-06,53,0.0014384579990291968
geant,0.4,1.5952957140332833,1.6715436639268826,0.0477954959841436,0.4,9.915157733711012e-06,53,0.0014527090097544715
geant,0.41,1.5952957140332833,1.6755162641096235,0.05028569272183636,0.41,9.865350827241032e-06,51,0.0013671659980900586
geant,0.42,1.5952957140332833,1.6795896675819793,0.052839077299080175,0.42,9.814987311010636e-06,51,0.0013882920029573143
geant,0.43,1.5952957140332833,1.6837638743186618,0.05545564970002343,0.43,9.764067561840035e-06,51,0.0013801669992972165
geant,0.44,1.5952957140332833,1.6880388842924423,0.058135409907597906,0.44,9.712591143675808e-06,51,0.001377209002384916
geant,0.45,1.5952957140332833,1.692414697473957,0.060878357903397066,0.45,9.660556715269046e-06,51,0.0013710000057471916
geant,0.46,1.5952957140332833,1.6968913138314936,0.06368449366754249,0.46,9.607961929151496e-06,51,0.001374500003294088
geant,0.47,1.5952957140332833,1.7014687333307514,0.06655381717853284,0.47,9.554803317718098e-06,51,0.0014102080021984875
geant,0.48,1.5952957140332833,1.706146955934569,0.06948632841307374,0.48,9.501076166188305e-06,51,0.0013877500023227185
geant,0.49,1.5952957140332833,1.7109269196608796,0.07248261536116925,0.49,9.95212723167985e-06,49,0.001316958005190827
geant,0.5,1.5952957140332833,1.7158067443418643,0.07554149945272576,0.5,9.89474248242266e-06,49,0.0013167080032872036
geant,0.51,1.5952957140332833,1.7207873719917133,0.07866357118277308,0.51,9.836753322129781e-06,44,0.0011894160124938935
geant,0.52,1.5952957140332833,1.725868802557642,0.08184883051822364,0.52,9.778148868891752e-06,44,0.0011965000012423843
geant,0.53,1.5952957140332833,1.7310510359819162,0.08509727742288702,0.53,9.718916036083607e-06,44,0.0012091249955119565
geant,0.54,1.5952957140332833,1.736334072201252,0.08840891185709415,0.54,9.65903925796743e-06,44,0.0012093749974155799
geant,0.55,1.5952957140332833,1.741717911146136,0.09178373377727127,0.55,9.598500176242796e-06,47,0.0013068749976810068
geant,0.56,1.5952957140332833,1.7472025527400394,0.09522174313544658,0.56,9.53727727836163e-06,47,0.0012964579946128651
geant,0.57,1.5952957140332833,1.7527879968985083,0.0987229398786808,0.57,9.475345480312178e-06,45,0.001232249996974133
geant,0.58,1.5952957140332833,1.758475250625638,0.1022879552404729,0.58,9.951454694927499e-06,43,0.0011693749984260648
geant,0.59,1.5952957140332833,1.7642622952101163,0.10591552380570605,0.59,9.885180914686865e-06,43,0.001167499998700805
geant,0.6,1.5952957140332833,1.7701501420377823,0.10960627955454467,0.6,9.81808856693593e-06,43,0.0011658750008791685
geant,0.61,1.5952957140332833,1.7761387909780333,0.11336022240512143,0.61,9.750132675661688e-06,38,0.0010360830056015402
geant,0.62,1.5952957140332833,1.7822282418846351,0.11717735226577045,0.62,9.681261164262001e-06,38,0.001033000007737428
geant,0.63,1.5952957140332833,1.7884184945933186,0.12105766903352069,0.63,9.61141374281155e-06,38,0.0010246250021737069
geant,0.64,1.5952957140332833,1.7947095489189318,0.125001172592311,0.64,9.540520581981919e-06,38,0.0010516250040382147
geant,0.65,1.5952957140332833,1.8011014046520282,0.1290078628108513,0.65,9.468500722759086e-06,38,0.0010391660034656525
geant,0.66,1.5952957140332833,1.8075951554652934,0.13307842525024222,0.66,9.976245904888128e-06,39,0.001061375005519949
geant,0.67,1.5952957140332833,1.8141886084067107,0.13721148527379579,0.67,9.898559939386984e-06,39,0.0010571250022621825
geant,0.68,1.5952957140332833,1.820882861908053,0.1414077314258134,0.68,9.819411342241792e-06,39,0.0010637910017976537
geant,0.69,1.5952957140332833,1.8276779156044294,0.14566716347756564,0.69,9.73864904098748e-06,34,0.0009309169981861487
geant,0.7,1.5952957140332833,1.8345737690734307,0.1499897811642684,0.7,9.65609523542864e-06,34,0.0009416250104550272
geant,0.71,1.5952957140332833,1.8415704218234583,0.15437558417776637,0.71,9.571539827155816e-06,34,0.0009318329975940287
geant,0.72,1.5952957140332833,1.8486678732791322,0.15882457215738666,0.72,9.484733415304331e-06,34,0.000931290996959433
geant,0.73,1.5952957140332833,1.8558661227628834,0.16333674467839995,0.73,9.395378414065585e-06,34,0.0009317910007666796
geant,0.74,1.5952957140332833,1.8631663691134581,0.16791285322451893,0.74,9.935898429612731e-06,32,0.0009074169938685372
geant,0.75,1.5952957140332833,1.8705662065521416,0.17255138975012327,0.75,9.83693164762602e-06,33,0.0009175000013783574
geant,0.76,1.5952957140332833,1.8780668389516786,0.17725310889445273,0.76,9.734064927368959e-06,33,0.0009159579931292683
geant,0.77,1.5952957140332833,1.8856682648631917,0.18201800974928856,0.77,9.626635358693494e-06,30,0.0008383749955100939
geant,0.78,1.5952957140332833,1.893370482507827,0.18684609119956858,0.78,9.513820067852616e-06,30,0.0008385830005863681
geant,0.79,1.5952957140332833,1.90117348967927,0.19173735186227991,0.79,9.394587423893267e-06,30,0.000831958997878246
geant,0.8,1.5952957140332833,1.909078626719573,0.19669263192149658,0.8,9.973901855150932e-06,28,0.0007737080013612285
geant,0.81,1.5952957140332833,1.9170831966543431,0.20171024079761693,0.81,9.833636082131037e-06,28,0.0007813330012140796
geant,0.82,1.5952957140332833,1.9251838361869733,0.20678807023160312,0.8199944966626098,9.891020619526552e-06,28,0.0007809590024407953
geant,0.83,1.5952957140332833,1.933394663963356,0.21193497039823347,0.83,9.514358420517164e-06,29,0.0008024160051718354
geant,0.84,1.5952957140332833,1.9417015484265665,0.2171420830295392,0.84,9.740082718050085e-06,29,0.0007963329990161583
geant,0.85,1.5952957140332833,1.950109118119284,0.22241230949524013,0.85,9.48675460339706e-06,29,0.000800082998466678
geant,0.86,1.5952957140332833,1.9586173643772122,0.22774564436418263,0.86,9.161472579507559e-06,29,0.000840667009470053
geant,0.87,1.5952957140332833,1.9672277482393112,0.23314300347845615,0.87,9.573310915254776e-06,27,0.0007556669879704714
geant,0.88,1.5952957140332833,1.975938877098864,0.23860351389224577,0.88,9.962669086020345e-06,25,0.0006949590024305508
geant,0.89,1.5952957140332833,1.9847499545345022,0.24412667637436752,0.89,9.966756361732305e-06,22,0.0006233749882085249
geant,0.9,1.5952957140332833,1.993645643289851,0.24970287687255507,0.9,9.628773056450575e-06,17,0.00048820899974089116
geant,0.91,1.5952957140332833,2.002658612461792,0.2553525937825029,0.91,9.41914690009332e-06,13,0.0003955839929403737
geant,0.92,1.5952957140332833,2.011251419480134,0.26073893497476813,0.9194633843949409,7.88420985423214e-06,11,0.0003309579915367067
geant,0.93,1.5952957140332833,2.0182141995517977,0.2651035051359079,0.9271455521110108,4.9501669666115725e-06,6,0.0001984169939532876
geant,0.94,1.5952957140332833,2.0248554037008786,0.2692664976711855,0.9344511593392604,3.859733076972346e-07,7,0.00022516600438393652
geant,0.95,1.5952957140332833,2.0284653349601833,0.27152935792182703,0.9385889743324498,7.792316482742097e-06,5,0.00017416600894648582
geant,0.96,1.5952957140332833,2.0304119752315892,0.272749595808936,0.9409722555271123,9.507425519159771e-06,8,0.0002497500099707395
geant,0.97,1.5952957140332833,2.030254696528424,0.27265100675000375,0.941196733705743,3.493339596846281e-06,5,0.00017079101235140115
geant,0.98,1.5952957140332833,2.029859656424628,0.2724033786141535,0.9411516125443525,9.884765686595193e-06,113,0.0030372500041266903
geant,0.99,1.5952957140332833,2.029645386856808,0.2722690652289075,0.9413044477395114,9.992509589920535e-06,134,0.0035772080009337515
geant,1.0,1.5952957140332833,2.02935746016085,0.27208858038623845,0.9413822396056566,9.973929901218906e-06,201,0.0052980000036768615
edge_fog,0.0,1.5774454453472022,1.5774454453472022,0.0,0.0,9.986745210070519e-06,1495,0.0545094590052031
edge_fog,0.01,1.5774454453472022,1.5773884859137506,-3.610865505342025e-05,0.01,9.993284351957922e-06,1465,0.053512665996095166
edge_fog,0.02,1.5774454453472022,1.5774319824076806,-8.534646672794152e-06,0.02,9.982039204567375e-06,1437,0.052288958002463914
edge_fog,0.03,1.5774454453472022,1.5775759382969239,8.272422358983719e-05,0.03,9.985885457459313e-06,1409,0.05146087500907015
edge_fog,0.04,1.5774454453472022,1.5778203612769643,0.00023767283418135027,0.04,9.994062833513003e-06,1379,0.050285374993109144
edge_fog,0.05,1.5774454453472022,1.5781652327228373,0.0004562993780597098,0.05,9.98648963816872e-06,1352,0.04931337499874644
edge_fog,0.06,1.5774454453472022,1.5786105709603988,0.0007386154726511919,0.06,9.999150125775672e-06,1323,0.04819579201284796
edge_fog,0.07,1.5774454453472022,1.5791563576227465,0.0010846094745087934,0.07,9.995795535270409e-06,1297,0.04736466699978337
edge_fog,0.08,1.5774454453472022,1.5798026122251554,0.0014942937550745878,0.08,9.990182385903688e-06,1270,0.04630895800073631
edge_fog,0.09,1.5774454453472022,1.5805493213186335,0.001967659788543794,0.09,9.988385565839948e-06,1244,0.045249500006320886
edge_fog,0.1,1.5774454453472022,1.5813964919652137,0.002504712051795774,0.1,9.97981210540262e-06,1219,0.044610791010200046
edge_fog,0.11,1.5774454453472022,1.5823441238741314,0.003105450360504187,0.11000000000000001,9.97990142263629e-06,1193,0.043616291994112544
edge_fog,0.12,1.5774454453472022,1.5833922174364052,0.0037698749625500448,0.12,9.981251685945942e-06,1167,0.04249195900047198
edge_fog,0.13,1.5774454453472022,1.5845407727815253,0.004497985940021749,0.13,9.984015806211811e-06,1141,0.041545416999724694
edge_fog,0.14,1.5774454453472022,1.5857897838973902,0.005289779481629801,0.14,9.99197322730108e-06,1116,0.04132729199773166
edge_fog,0.15,1.5774454453472022,1.587139263321514,0.006145263535359945,0.15,9.998193162604069e-06,1090,0.04015566600719467
edge_fog,0.16,1.5774454453472022,1.5885891896656479,0.0070644245424239605,0.16,9.985615572595722e-06,1067,0.039360082999337465
edge_fog,0.17,1.5774454453472022,1.5901395922746278,0.008047281105579857,0.17,9.98580765255984e-06,1042,0.03843170800246298
edge_fog,0.18,1.5774454453472022,1.591790442395742,0.00909381499743877,0.18,9.976037286399805e-06,1019,0.038021165993995965
edge_fog,0.19,1.5774454453472022,1.5935417651944133,0.0102040421712766,0.19,9.994233750000007e-06,994,0.037931041995761916
edge_fog,0.2,1.5774454453472022,1.5953935400002934,0.01137794952340857,0.2,9.98844830384254e-06,971,0.05728520799311809
edge_fog,0.21,1.5774454453472022,1.5973457771707922,0.012615543619773057,0.21000000000000002,9.984667026195332e-06,948,0.06437716700020246
edge_fog,0.22,1.5774454453472022,1.5993984768735272,0.013916824566629018,0.22000000000000003,9.983111300698995e-06,925,0.0709067080024397
edge_fog,0.23,1.5774454453472022,1.6015516392913842,0.015281792479914345,0.23000000000000004,9.984023947721015e-06,902,0.03816595800162759
edge_fog,0.24,1.5774454453472022,1.6038052597550778,0.016710444399599317,0.24,9.992761784229595e-06,880,0.03315329199540429
edge_fog,0.25,1.5774454453472022,1.6061593453480103,0.018202784816110103,0.25,9.987102293283384e-06,858,0.03181816700089257
edge_fog,0.26,1.5774454453472022,1.6086138970164807,0.019758814329340058,0.26,9.996877312076492e-06,835,0.03070545800437685
edge_fog,0.27,1.5774454453472022,1.61116889290229,0.02137851908258238,0.27,9.98335141343138e-06,815,0.030057708005188033
edge_fog,0.28,1.5774454453472022,1.6138243558909888,0.023061913583819354,0.28,9.966555188976197e-06,794,0.02915966699947603
edge_fog,0.29,1.5774454453472022,1.6165802939393532,0.024809002877140548,0.29,9.992817092994846e-06,772,0.02822129199921619
edge_fog,0.3,1.5774454453472022,1.619436679728404,0.026619769644052223,0.3,9.988790744285682e-06,752,0.027535040993825532
edge_fog,0.31,1.5774454453472022,1.6223935291698104,0.02849422397153958,0.31,9.98839224993991e-06,732,0.026622416000464
edge_fog,0.32,1.5774454453472022,1.625450845923778,0.03043236817994018,0.32,9.98511572960996e-06,711,0.026023041995358653
edge_fog,0.33,1.5774454453472022,1.6286086175160477,0.032434194361367755,0.33,9.976383082894503e-06,692,0.025357624996104278
edge_fog,0.34,1.5774454453472022,1.6318668590800673,0.034499712109464904,0.34,9.988485386308264e-06,672,0.02449625000008382
edge_fog,0.35,1.5774454453472022,1.6352255442906298,0.036628904735726046,0.35,9.964485577520104e-06,654,0.023862916001235135
edge_fog,0.36,1.5774454453472022,1.6386847151912118,0.038821798893039126,0.36,9.986597632374138e-06,634,0.023333333010668866
edge_fog,0.37,1.5774454453472022,1.642244328545086,0.041078367172071265,0.37,9.970926324018677e-06,616,0.02265145799901802
edge_fog,0.38,1.5774454453472022,1.6459044060165255,0.04339862330659253,0.38,9.959482368699189e-06,598,0.02203566698881332
edge_fog,0.39,1.5774454453472022,1.6496649479694105,0.045782567527279855,0.39,9.95275322327049e-06,580,0.021320707994163968
edge_fog,0.4,1.5774454453472022,1.6535259548165921,0.048230200095854533,0.4,9.951291647240887e-06,562,0.021287415991537273
edge_fog,0.41,1.5774454453472022,1.6574874261256258,0.05074152073817428,0.41,9.965707395167388e-06,545,0.020606459002010524
edge_fog,0.42,1.5774454453472022,1.6615493839566409,0.053316543438956795,0.42000000000000004,9.996272515426695e-06,525,0.01979970801039599
edge_fog,0.43,1.5774454453472022,1.6657117581039942,0.05595522369229333,0.43,9.971864952960696e-06,510,0.01944733400887344
edge_fog,0.44,1.5774454453472022,1.669974629535408,0.05865761282656582,0.44000000000000006,9.998170160300545e-06,492,0.018980708002345636
edge_fog,0.45,1.5774454453472022,1.6743379345119749,0.06142367043536408,0.45,9.97443971295285e-06,476,0.01792937501159031
edge_fog,0.46,1.5774454453472022,1.678801705808763,0.0642534172959952,0.4600000000000001,9.968909891957928e-06,461,0.017296584002906457
edge_fog,0.47,1.5774454453472022,1.6833659422092473,0.0671468526372597,0.4699999999999999,9.957818157905804e-06,445,0.017038625010172836
edge_fog,0.48,1.5774454453472022,1.6880306471575186,0.0701039786424919,0.48,9.967754893829063e-06,430,0.016447958987555467
edge_fog,0.49,1.5774454453472022,1.6927958177191926,0.07312479345147897,0.49000000000000005,9.972871203231122e-06,414,0.015530666991253383
edge_fog,0.5,1.5774454453472022,1.6976614153488323,0.07620927262886741,0.5,9.93025029699546e-06,401,0.015196874999674037
edge_fog,0.51,1.5774454453472022,1.7026275487636802,0.07935748509446858,0.51,9.994062724765943e-06,384,0.014404083995032124
edge_fog,0.52,1.5774454453472022,1.7076940765023934,0.08256934117079585,0.52,9.95136832935263e-06,370,0.013909208006225526
edge_fog,0.53,1.5774454453472022,1.7128610753366165,0.08584488952618499,0.53,9.932836274119444e-06,357,0.01335691699932795
edge_fog,0.54,1.5774454453472022,1.7181285422636954,0.0891841282571444,0.54,9.923577045571555e-06,344,0.012920749999466352
edge_fog,0.55,1.5774454453472022,1.7234965300874503,0.0925870908379349,0.55,9.996138236429464e-06,328,0.012257124995812774
edge_fog,0.56,1.5774454453472022,1.7289648771994965,0.09605367481912776,0.56,9.91808965688393e-06,317,0.011953334003919736
edge_fog,0.57,1.5774454453472022,1.7345337547235673,0.09958398868227694,0.57,9.944727527783775e-06,304,0.011499291998916306
edge_fog,0.58,1.5774454453472022,1.7402030962207236,0.10317799030932427,0.58,9.964661610014985e-06,290,0.01099179100128822
edge_fog,0.59,1.5774454453472022,1.7459728475573755,0.10683564538301969,0.59,9.91441701104932e-06,279,0.010435333999339491
edge_fog,0.6,1.5774454453472022,1.7518431463573774,0.11055704114812637,0.6,9.990207741243034e-06,266,0.010012583006755449
edge_fog,0.61,1.5774454453472022,1.7578137896375652,0.1143420489262392,0.61,9.88181979357721e-06,255,0.009540125000057742
edge_fog,0.62,1.5774454453472022,1.7638850416786436,0.11819083625450212,0.62,9.997197816217692e-06,242,0.009074959001736715
edge_fog,0.63,1.5774454453472022,1.770056586764494,0.12210320298899291,0.63,9.868368866921333e-06,233,0.008736874995520338
edge_fog,0.64,1.5774454453472022,1.776328697645101,0.12607932203583985,0.64,9.887981821327927e-06,222,0.008338458006619476
edge_fog,0.65,1.5774454453472022,1.782701287246044,0.13011913819540305,0.65,9.92980984699364e-06,211,0.008006415999261662
edge_fog,0.66,1.5774454453472022,1.7891743371212558,0.13422263977405013,0.66,9.960550489090218e-06,199,0.007504708002670668
edge_fog,0.67,1.5774454453472022,1.7957477647791222,0.1383897744773486,0.67,9.881396806808792e-06,190,0.007096917004673742
edge_fog,0.68,1.5774454453472022,1.8024216638704538,0.142620601673951,0.68,9.815710034998472e-06,181,0.006848374992841855
edge_fog,0.69,1.5774454453472022,1.8091998730022527,0.14691755479635013,0.69,9.977824144231361e-06,138,0.005250834001344629
edge_fog,0.7,1.5774454453472022,1.8160749574530388,0.15127592070438498,0.7,9.927436162331206e-06,127,0.00478774998919107
edge_fog,0.71,1.5774454453472022,1.8230505694223194,0.15569801466006228,0.71,9.903394884333503e-06,116,0.004371375005575828
edge_fog,0.72,1.5774454453472022,1.8301268669396369,0.1601839368440526,0.72,9.96744009629763e-06,103,0.003913958003977314
edge_fog,0.73,1.5774454453472022,1.837303216584336,0.16473328570798082,0.73,9.844738364393779e-06,95,0.003573709007469006
edge_fog,0.74,1.5774454453472022,1.844580536043166,0.16934664300683072,0.74,9.950677792288439e-06,84,0.0031711670017102733
edge_fog,0.75,1.5774454453472022,1.8519579851878312,0.17402347615274114,0.75,9.898611996979228e-06,76,0.0028750000055879354
edge_fog,0.76,1.5774454453472022,1.85943600492022,0.17876406464944378,0.76,9.890322586874471e-06,68,0.0025588749995222315
edge_fog,0.77,1.5774454453472022,1.867014639702663,0.18356843668322578,0.77,9.9436708112771e-06,60,0.0022593329922528937
edge_fog,0.78,1.5774454453472022,1.8746931318417464,0.18843611192469398,0.78,9.728688656268044e-06,55,0.002260667009977624
edge_fog,0.79,1.5774454453472022,1.882473052003835,0.1933680860763429,0.79,9.926546996503171e-06,47,0.001791999995475635
edge_fog,0.8,1.5774454453472022,1.8903526967720066,0.1983632792802747,0.8,9.802965548165188e-06,42,0.0016023750067688525
edge_fog,0.81,1.5774454453472022,1.898333418976959,0.20342254914503746,0.8100000000000002,9.963361762804406e-06,35,0.001351832994259894
edge_fog,0.82,1.5774454453472022,1.9064134510790889,0.2085447751630355,0.82,9.789788227912559e-06,31,0.0011905830033356324
edge_fog,0.83,1.5774454453472022,1.9145939993953138,0.21373072206240631,0.8299999999999998,9.663172250733742e-06,27,0.0010506250109756365
edge_fog,0.84,1.5774454453472022,1.9228750891942916,0.2189804058618705,0.8400000000000001,9.602247235672822e-06,23,0.0009006659965962172
edge_fog,0.85,1.5774454453472022,1.9312567623398238,0.22429385310041342,0.85,9.638031067379556e-06,19,0.0007527919951826334
edge_fog,0.86,1.5774454453472022,1.9397390937256418,0.2296711112558934,0.86,9.825990143650257e-06,15,0.0005978749977657571
edge_fog,0.87,1.5774454453472022,1.9483210314647887,0.2351115134989377,0.8699999999999999,9.36445601429705e-06,13,0.0005285840015858412
edge_fog,0.88,1.5774454453472022,1.9570048177794939,0.24061648125571092,0.8800000000000001,9.957417848760788e-06,9,0.0003845410101348534
edge_fog,0.89,1.5774454453472022,1.9657880001439971,0.24618445978099682,0.89,9.745332103343568e-06,7,0.00031116700847633183
edge_fog,0.9,1.5774454453472022,1.9746718919458055,0.25181628167887105,0.9,9.721830340508852e-06,5,0.00024374999338760972
edge_fog,0.91,1.5774454453472022,1.9836541865359631,0.2575104846807255,0.9099999999999999,8.174044801115532e-06,5,0.00023725000210106373
edge_fog,0.92,1.5774454453472022,1.992739345236831,0.26326989698095127,0.9200000000000002,8.41488735147972e-06,3,0.00016316700202878565
edge_fog,0.93,1.5774454453472022,2.0019223860405817,0.26909136030371583,0.93,6.767186019882461e-06,3,0.0001638329995330423
edge_fog,0.94,1.5774454453472022,2.011205904235138,0.27497651989635885,0.9399999999999998,5.1538580194506564e-06,3,0.00017020900850184262
edge_fog,0.95,1.5774454453472022,2.020589911876702,0.28092538340174533,0.95,3.584601595512963e-06,3,0.00016450000111944973
edge_fog,0.96,1.5774454453472022,2.030071519930876,0.28693611935596863,0.96,9.803175998369704e-07,2,0.00012858399713877589
edge_fog,0.97,1.5774454453472022,2.039658560729335,0.29301369295874313,0.97,7.318556504696968e-07,2,0.0001271660003112629
edge_fog,0.98,1.5774454453472022,2.0493485795555557,0.2991565480760482,0.9800000000000001,5.999955362726616e-06,1,9.091699030250311e-05
edge_fog,0.99,1.5774454453472022,2.059133711555556,0.30535969889109676,0.99,8.269496975561605e-06,1,9.041700104717165e-05
edge_fog,1.0,1.5774454453472022,2.062969658904559,0.3077914453329897,0.993965234503116,0.0,2,0.00012774999777320772
