topology,grid,tau,selected_cap,gateway_share,cost,penalty,slack,next_cap,next_penalty
fat_tree_k4,original,0,0.0,0.0,1.5809411158321838,0.0,0.0,0.1,0.0019567552311723006
fat_tree_k4,original,0.005,0.1,0.1,1.5840346306307638,0.0019567552311723006,0.0030432447688276995,0.15,0.005310187950743966
fat_tree_k4,original,0.01,0.15,0.15,1.5893362102963116,0.005310187950743966,0.004689812049256034,0.25,0.01676709387497265
fat_tree_k4,original,0.02,0.25,0.25,1.607448903932146,0.01676709387497265,0.0032329061250273503,0.35,0.03455736148689371
fat_tree_k4,original,0.05,0.35,0.35,1.6355742694614896,0.03455736148689371,0.015442638513106295,0.5,0.07311810649471986
fat_tree_k4,original,0.1,0.5,0.5,1.6965365367014826,0.07311810649471986,0.02688189350528014,0.75,0.16906461736904055
fat_tree_k4,fine_0.01,0,0.03,0.03,1.5808178583255934,-7.796464103312765e-05,7.796464103312765e-05,0.04,2.2718942379436766e-05
fat_tree_k4,fine_0.01,0.005,0.14,0.14,1.5880756480805847,0.004512838699020976,0.00048716130097902453,0.15,0.005310187950743966
fat_tree_k4,fine_0.01,0.01,0.19,0.19,1.5953797770505318,0.009132953197151641,0.0008670468028483588,0.2,0.010246977507432255
fat_tree_k4,fine_0.01,0.02,0.27,0.27,1.6122729843951202,0.019818491814253204,0.00018150818574679678,0.28,0.02143919282390436
fat_tree_k4,fine_0.01,0.05,0.41,0.41,1.6572552283578867,0.04827131874897969,0.0017286812510203114,0.42,0.05077875985157092
fat_tree_k4,fine_0.01,0.1,0.58,0.58,1.7382670224588384,0.09951408376386021,0.0004859162361397912,0.59,0.10309855089134246
nsfnet,original,0,0.0,0.0,1.5867851086045286,0.0,0.0,0.1,0.002536026098039426
nsfnet,original,0.005,0.1,0.1,1.59080923705193,0.002536026098039426,0.0024639739019605743,0.15,0.0061742465964798095
nsfnet,original,0.01,0.15,0.15,1.596582311160675,0.0061742465964798095,0.0038257534035201907,0.25,0.018213974657232283
nsfnet,original,0.02,0.25,0.25,1.615686772359125,0.018213974657232283,0.001786025342767717,0.35,0.036604752136479714
nsfnet,original,0.05,0.35,0.35,1.6448689841988544,0.036604752136479714,0.013395247863520289,0.5,0.07609913601502971
nsfnet,original,0.1,0.5,0.5,1.7075380844108483,0.07609913601502971,0.023900863984970294,0.75,0.1736783562384225
nsfnet,fine_0.01,0,0.01,0.01,1.5867404933970097,-2.8116729402695964e-05,2.8116729402695964e-05,0.02,6.717827918506915e-06
nsfnet,fine_0.01,0.005,0.13,0.13,1.5939707489979387,0.004528426914548855,0.00047157308545114473,0.14,0.005319581508421856
nsfnet,fine_0.01,0.01,0.18,0.18,1.6012554857028758,0.009119304825763664,0.0008806951742363362,0.19,0.010228011890561427
nsfnet,fine_0.01,0.02,0.26,0.26,1.6181514947642404,0.019767255181324713,0.0002327448186752873,0.27,0.021384046199602096
nsfnet,fine_0.01,0.05,0.4,0.4,1.6632392466091992,0.04818178440803929,0.0018182155919607146,0.41,0.05068772234490614
nsfnet,fine_0.01,0.1,0.57,0.57,1.744543532503564,0.09942015654392766,0.0005798434560723431,0.58,0.10300577288193871
geant,original,0,0.0,0.0,1.5952957140332833,0.0,0.0,0.1,0.0024702947231978654
geant,original,0.005,0.1,0.1,1.5992365646175999,0.0024702947231978654,0.0025297052768021347,0.15,0.006075496633892894
geant,original,0.01,0.15,0.15,1.6049879277739563,0.006075496633892894,0.003924503366107107,0.25,0.018023978110722216
geant,original,0.02,0.25,0.25,1.6240492890631482,0.018023978110722216,0.0019760218892777848,0.35,0.036291768200679315
geant,original,0.05,0.35,0.35,1.6531918162985164,0.036291768200679315,0.013708231799320687,0.5,0.07554149945272576
geant,original,0.1,0.5,0.5,1.7158067443418643,0.07554149945272576,0.024458500547274248,0.75,0.17255138975012327
geant,fine_0.01,0,0.02,0.02,1.595277455017728,-1.144553664545155e-05,1.144553664545155e-05,0.03,7.76137921719255e-05
geant,fine_0.01,0.005,0.13,0.13,1.6023844905528097,0.004443550156355867,0.0005564498436441334,0.14,0.005227678048310196
geant,fine_0.01,0.01,0.18,0.18,1.609647898663013,0.008996566908240444,0.0010034330917595563,0.19,0.010096633047971397
geant,fine_0.01,0.02,0.26,0.26,1.6265098447301092,0.01956636028182462,0.00043363971817537983,0.27,0.021171930437227385
geant,fine_0.01,0.05,0.4,0.4,1.6715436639268826,0.0477954959841436,0.0022045040158564025,0.41,0.05028569272183636
geant,fine_0.01,0.1,0.57,0.57,1.7527879968985083,0.0987229398786808,0.0012770601213192012,0.58,0.1022879552404729
edge_fog,original,0,0.0,0.0,1.5774454453472022,0.0,0.0,0.1,0.002504712051795774
edge_fog,original,0.005,0.1,0.1,1.5813964919652137,0.002504712051795774,0.002495287948204226,0.15,0.006145263535359945
edge_fog,original,0.01,0.15,0.15,1.587139263321514,0.006145263535359945,0.003854736464640055,0.25,0.018202784816110103
edge_fog,original,0.02,0.25,0.25,1.6061593453480103,0.018202784816110103,0.0017972151838898977,0.35,0.036628904735726046
edge_fog,original,0.05,0.35,0.35,1.6352255442906298,0.036628904735726046,0.013371095264273956,0.5,0.07620927262886741
edge_fog,original,0.1,0.5,0.5,1.6976614153488323,0.07620927262886741,0.023790727371132595,0.75,0.17402347615274114
edge_fog,fine_0.01,0,0.02,0.02,1.5774319824076806,-8.534646672794152e-06,8.534646672794152e-06,0.03,8.272422358983719e-05
edge_fog,fine_0.01,0.005,0.13,0.13,1.5845407727815253,0.004497985940021749,0.0005020140599782509,0.14,0.005289779481629801
edge_fog,fine_0.01,0.01,0.18,0.18,1.591790442395742,0.00909381499743877,0.0009061850025612311,0.19,0.0102040421712766
edge_fog,fine_0.01,0.02,0.26,0.26,1.6086138970164807,0.019758814329340058,0.00024118567065994218,0.27,0.02137851908258238
edge_fog,fine_0.01,0.05,0.4,0.4,1.6535259548165921,0.048230200095854533,0.0017697999041454693,0.41,0.05074152073817428
edge_fog,fine_0.01,0.1,0.57,0.57,1.7345337547235673,0.09958398868227694,0.000416011317723064,0.58,0.10317799030932427
