key,entry_type,doi,match_method,verified,title_similarity,bib_year,registry_year,bib_title,registry_title,registry_publisher,verification_source,error
wardrop1952theoretical,article,10.1680/ipeds.1952.11259,doi,True,0.875,1952,1952,Some Theoretical Aspects of Road Traffic Research,ROAD PAPER. SOME THEORETICAL ASPECTS OF ROAD TRAFFIC RESEARCH.,Emerald,https://api.crossref.org/works/10.1680%2Fipeds.1952.11259,
braess2005paradox,article,10.1287/trsc.1050.0127,doi,True,1.0,2005,2005,On a Paradox of Traffic Planning,On a Paradox of Traffic Planning,Institute for Operations Research and the Management Sciences (INFORMS),https://api.crossref.org/works/10.1287%2Ftrsc.1050.0127,
braess1968paradoxon,article,10.1007/BF01918335,doi,True,0.7143,1968,1968,Uber ein Paradoxon aus der Verkehrsplanung,Über ein Paradoxon aus der Verkehrsplanung,Springer Science and Business Media LLC,https://api.crossref.org/works/10.1007%2FBF01918335,
roughgarden2002selfish,article,10.1145/506147.506153,doi,True,1.0,2002,2002,How Bad Is Selfish Routing?,How bad is selfish routing?,Association for Computing Machinery (ACM),https://api.crossref.org/works/10.1145%2F506147.506153,
roughgarden2005selfish,book,,authoritative_manual_check,True,1.0,2005,2006,Selfish Routing and the Price of Anarchy,Selfish Routing and the Price of Anarchy,Defense Technical Information Center,https://mitpress.mit.edu/9780262182430/selfish-routing-and-the-price-of-anarchy/,
beckmann1956studies,book,,authoritative_manual_check,True,0.4286,1956,1959,Studies in the Economics of Transportation,"<i>Studies in the Economics of Transportation</i>. Martin Beckmann , C. B. McGuire , Christopher B. Winsten",University of Chicago Press,https://cowles.yale.edu/research/publications/archive,
murchland1970braess,article,10.1016/0041-1647(70)90196-6,doi,True,1.0,1970,1970,Braess's Paradox of Traffic Flow,Braess's paradox of traffic flow,Elsevier BV,https://api.crossref.org/works/10.1016%2F0041-1647%2870%2990196-6,
korilis1999avoiding,article,10.1239/jap/1032374242,doi,True,1.0,1999,1999,Avoiding the Braess Paradox in Non-Cooperative Networks,Avoiding the Braess paradox in non-cooperative networks,Cambridge University Press (CUP),https://api.crossref.org/works/10.1239%2Fjap%2F1032374242,
bean1997loss,article,10.2307/3215183,doi,True,1.0,1997,1997,Braess's Paradox in a Loss Network,Braess's paradox in a loss network,Cambridge University Press (CUP),https://api.crossref.org/works/10.2307%2F3215183,
dinitz2013wireless,inproceedings,10.1007/978-3-642-41527-2_33,doi,True,1.0,2013,2013,Braess's Paradox in Wireless Networks: The Danger of Improved Technology,Braess’s Paradox in Wireless Networks: The Danger of Improved Technology,Springer Berlin Heidelberg,https://api.crossref.org/works/10.1007%2F978-3-642-41527-2_33,
rfc7665,techreport,10.17487/RFC7665,doi,True,1.0,2015,2015,Service Function Chaining (SFC) Architecture,Service Function Chaining (SFC) Architecture,RFC Editor,https://api.crossref.org/works/10.17487%2FRFC7665,
etsi2014mano,techreport,,authoritative_manual_check,True,0.0714,2014,2019,Network Functions Virtualisation (NFV); Management and Orchestration,"ETSI NFV, the Pillar for Cloud ReadyICT Deployments",River Publishers,https://www.etsi.org/deliver/etsi_gs/nfv-man/001_099/001/01.01.01_60/gs_nfv-man001v010101p.pdf,
kreutz2015sdn,article,10.1109/JPROC.2014.2371999,doi,True,1.0,2015,2015,Software-Defined Networking: A Comprehensive Survey,Software-Defined Networking: A Comprehensive Survey,Institute of Electrical and Electronics Engineers (IEEE),https://api.crossref.org/works/10.1109%2FJPROC.2014.2371999,
mijumbi2016nfv,article,10.1109/COMST.2015.2477041,doi,True,1.0,2016,2016,Network Function Virtualization: State-of-the-Art and Research Challenges,Network Function Virtualization: State-of-the-Art and Research Challenges,Institute of Electrical and Electronics Engineers (IEEE),https://api.crossref.org/works/10.1109%2FCOMST.2015.2477041,
sun2018sfc,article,10.1109/TNSM.2018.2861717,doi,True,1.0,2018,2018,Service Function Chain Orchestration Across Multiple Domains: A Full Mesh Aggregation Approach,Service Function Chain Orchestration Across Multiple Domains: A Full Mesh Aggregation Approach,Institute of Electrical and Electronics Engineers (IEEE),https://api.crossref.org/works/10.1109%2FTNSM.2018.2861717,
medhat2017sfc,article,10.1109/MCOM.2016.1600219RP,doi,True,1.0,2017,2017,Service Function Chaining in Next Generation Networks: State of the Art and Research Challenges,Service Function Chaining in Next Generation Networks: State of the Art and Research Challenges,Institute of Electrical and Electronics Engineers (IEEE),https://api.crossref.org/works/10.1109%2FMCOM.2016.1600219RP,
hantouti2019traffic,article,10.1109/COMST.2018.2862404,doi,True,1.0,2019,2019,Traffic Steering for Service Function Chaining,Traffic Steering for Service Function Chaining,Institute of Electrical and Electronics Engineers (IEEE),https://api.crossref.org/works/10.1109%2FCOMST.2018.2862404,
bari2016orchestrating,article,10.1109/TNSM.2016.2569020,doi,True,1.0,2016,2016,Orchestrating Virtualized Network Functions,Orchestrating Virtualized Network Functions,Institute of Electrical and Electronics Engineers (IEEE),https://api.crossref.org/works/10.1109%2FTNSM.2016.2569020,
mehraghdam2014chains,inproceedings,10.1109/CloudNet.2014.6968961,doi,True,1.0,2014,2014,Specifying and Placing Chains of Virtual Network Functions,Specifying and placing chains of virtual network functions,IEEE,https://api.crossref.org/works/10.1109%2FCloudNet.2014.6968961,
cohen2015placement,inproceedings,10.1109/INFOCOM.2015.7218511,doi,True,1.0,2015,2015,Near Optimal Placement of Virtual Network Functions,Near optimal placement of virtual network functions,IEEE,https://api.crossref.org/works/10.1109%2FINFOCOM.2015.7218511,
beck2017coordvnf,article,10.1016/j.comcom.2016.09.010,doi,True,1.0,2017,2017,Scalable and Coordinated Allocation of Service Function Chains,Scalable and coordinated allocation of service function chains,Elsevier BV,https://api.crossref.org/works/10.1016%2Fj.comcom.2016.09.010,
bhamare2016survey,article,10.1016/j.jnca.2016.09.001,doi,True,1.0,2016,2016,A Survey on Service Function Chaining,A survey on service function chaining,Elsevier BV,https://api.crossref.org/works/10.1016%2Fj.jnca.2016.09.001,
yoon2020attackgraph,article,10.1109/TNSM.2020.2987085,doi,True,1.0,2020,2020,Attack Graph-Based Moving Target Defense in Software-Defined Networks,Attack Graph-Based Moving Target Defense in Software-Defined Networks,Institute of Electrical and Electronics Engineers (IEEE),https://api.crossref.org/works/10.1109%2FTNSM.2020.2987085,
cho2020mtdsurvey,article,10.1109/COMST.2019.2963791,doi,True,1.0,2020,2020,"Toward Proactive, Adaptive Defense: A Survey on Moving Target Defense","Toward Proactive, Adaptive Defense: A Survey on Moving Target Defense",Institute of Electrical and Electronics Engineers (IEEE),https://api.crossref.org/works/10.1109%2FCOMST.2019.2963791,
zarca2020semantic,article,10.3390/s20133622,doi,True,1.0,2020,2020,Semantic-Aware Security Orchestration in SDN/NFV-Enabled IoT Systems,Semantic-Aware Security Orchestration in SDN/NFV-Enabled IoT Systems,MDPI AG,https://api.crossref.org/works/10.3390%2Fs20133622,
zhang2003trafficmatrices,inproceedings,10.1145/885651.781053,doi,True,1.0,2003,2003,Fast Accurate Computation of Large-Scale IP Traffic Matrices from Link Loads,Fast accurate computation of large-scale IP traffic matrices from link loads,Association for Computing Machinery (ACM),https://api.crossref.org/works/10.1145%2F885651.781053,
