parameter,value,tau,naive_penalty,aware_penalty,aware_gain,naive_attack_loss,aware_attack_loss,cap_fraction
gateway_delay,0.0,0.02,0.28573910582062306,0.011911924086065569,0.21297258556959522,4.032,0.252,0.25
gateway_delay,0.04,0.02,0.30185213417436796,0.018213974657232283,0.21787279221001427,3.916953527063601,0.252,0.25
gateway_delay,0.12,0.02,0.25763308117660383,0.01373670728187987,0.19393285493614865,2.8182986244534485,0.11879167987758797,0.15
gateway_delay,0.24,0.02,0.1842175251541093,0.015140127240372859,0.14277562552685022,1.4538461345801386,0.10883600131340761,0.1
gateway_capacity_factor,0.5,0.02,0.30185213417436796,0.018213974657232283,0.21787279221001427,7.721334412534109,0.252,0.25
gateway_capacity_factor,0.75,0.02,0.30185213417436796,0.018213974657232283,0.21787279221001427,5.147556275022739,0.252,0.25
gateway_capacity_factor,1.0,0.02,0.30185213417436796,0.018213974657232283,0.21787279221001427,3.916953527063601,0.252,0.25
gateway_capacity_factor,1.5,0.02,0.30185213417436796,0.018213974657232283,0.21787279221001427,3.916953527063601,0.252,0.25
shared_slope_factor,0.5,0.02,-0.19194724006870825,-0.19194724006870825,0.0,4.032,4.032,1.0
shared_slope_factor,1.0,0.02,0.30185213417436796,0.018213974657232283,0.21787279221001427,3.916953527063601,0.252,0.25
shared_slope_factor,1.5,0.02,0.13628556412623422,0.0,0.11993953670531164,0.46891649327501855,0.08946913985513473,0.0
shared_slope_factor,2.0,0.02,0.012897926315276096,0.012897926315276096,0.0,0.09395344142629798,0.09395344142629798,1.0
tau,0.0,0.0,0.30185213417436796,0.0,0.23186360896954092,3.916953527063601,0.0902057569877325,0.0
tau,0.01,0.01,0.30185213417436796,0.0061742465964798095,0.22712094547158881,3.916953527063601,0.11879167987758797,0.15
tau,0.02,0.02,0.30185213417436796,0.018213974657232283,0.21787279221001427,3.916953527063601,0.252,0.25
tau,0.05,0.05,0.30185213417436796,0.036604752136479714,0.2037461667688609,3.916953527063601,0.49391999999999997,0.35
gateway_risk_exposure_scale,0.5,0.02,0.30185213417436796,0.018213974657232283,0.21787279221001427,0.9792383817659003,0.14000994721998306,0.25
gateway_risk_exposure_scale,1.0,0.02,0.30185213417436796,0.018213974657232283,0.21787279221001427,3.916953527063601,0.252,0.25
gateway_risk_exposure_scale,1.5,0.02,0.30185213417436796,0.018213974657232283,0.21787279221001427,8.813145435893102,0.567,0.25
gateway_risk_exposure_scale,2.0,0.02,0.30185213417436796,0.018213974657232283,0.21787279221001427,15.667814108254404,1.008,0.25
