topology,policy,nodes,edges,requests,average_cost,paradox_penalty,security_braess_ratio,risk_concentration,load_hhi,load_entropy,max_normalized_resource_load,single_resource_removal_loss,expected_attack_loss,weighted_attack_loss,ddos_target,ddos_affected_share,ddos_service_loss,max_utilization,gateway_share,queueing_curve_cost,converged,iterations
fat_tree_k4,baseline,36,48,7,1.5809411158321838,0.0,1.0,0.08267116757915938,0.047096947545132606,0.8776842884628537,0.8211439867302871,0.5697517794631148,0.15505790073166179,0.04174431467229039,shared_ingress_security_plane,0.5017144320404116,0.6823316275749598,0.5017144320404116,0.0,1.5856297074315842,True,819
fat_tree_k4,naive_expansion,36,48,7,2.0624714285714285,0.3045845970586794,1.3045845970586794,0.6326864656222421,0.09171597633136094,0.8802024466087611,1.0,1.0,7.056,3.113899575671853,central_zero_trust_gateway,1.0,2.51,1.0,1.0,2.3624718119605004,True,1
fat_tree_k4,load_aware_cap_0.50,36,48,7,1.6965365367014826,0.07311810649471986,1.07311810649472,0.45058845729777364,0.0578116507921715,0.8357748935175687,0.8956610284227585,0.75177884311368,1.764,0.47622991031401846,shared_ingress_security_plane,0.75177884311368,1.0224192266346048,0.75177884311368,0.5,1.749934803992631,True,296
fat_tree_k4,risk_aware_surcharge,36,48,7,1.5836404215971414,0.0017074043668835245,1.0017074043668834,0.08818138325528674,0.04260909571041453,0.9194215712935992,0.6417091134434348,0.5023668006576719,0.15546139988026345,0.038119710670364015,shared_ingress_security_plane,0.5023668006576719,0.6832188488944339,0.5023668006576719,0.0,1.5883295345461799,True,586
fat_tree_k4,minmax_utilization_cap,36,48,7,1.5809411158321838,0.0,1.0,0.08267116757915938,0.047096947545132606,0.8776842884628537,0.8211439867302871,0.5697517794631148,0.15505790073166179,0.04174431467229039,shared_ingress_security_plane,0.5017144320404116,0.6823316275749598,0.5017144320404116,0.0,1.5856297074315842,True,819
fat_tree_k4,system_optimum_expansion,36,48,7,1.5804150173365499,-0.0003327755160298727,0.9996672244839702,0.07980393221925673,0.045708127663747405,0.8790792527153656,0.7487750040081644,0.5375609971904325,0.1644212150451286,0.04340882939404407,shared_ingress_security_plane,0.5166406457988401,0.7026312782864225,0.5166406457988401,0.03096157717413281,1.5860441791760205,True,1699
fat_tree_k4,paradox_aware,36,48,7,1.607448903932146,0.01676709387497265,1.0167670938749727,0.2732487117589295,0.05001736584255663,0.864873540554445,0.8597537341210184,0.6275368295273253,0.441,0.11427034113490614,shared_ingress_security_plane,0.6267407223160644,0.8523673823498477,0.6267407223160644,0.25,1.625332582064538,True,512
nsfnet,baseline,14,19,4,1.5867851086045286,0.0,1.0,0.10070992760963919,0.0645978734267214,0.8898414893048803,0.5062275724205325,0.5062275724205325,0.0902057569877325,0.03346607776390668,shared_ingress_security_plane,0.5062275724205325,0.6884694984919242,0.5062275724205325,0.0,1.5914837226465484,True,61
nsfnet,naive_expansion,14,19,4,2.065759580112912,0.30185213417436796,1.301852134174368,0.6191294708794836,0.1076962625686363,0.8084415405487055,1.0,1.0,3.916953527063601,1.7538937879905598,shared_ingress_security_plane,1.0,1.36,1.0,0.985630076944328,2.353283364165599,True,13
nsfnet,load_aware_cap_0.50,14,19,4,1.7075380844108483,0.07609913601502971,1.0760991360150298,0.45803878162924916,0.06946394967587587,0.9130903646006675,0.755057302331726,0.755057302331726,1.008,0.32261246533872123,shared_ingress_security_plane,0.755057302331726,1.0268779311711473,0.755057302331726,0.5,1.760968188331329,True,25
nsfnet,risk_aware_surcharge,14,19,4,1.5930166666666667,0.003927159404475627,1.0039271594044756,0.10489620675774144,0.06548012698412697,0.9661960791972629,0.518,0.518,0.09445004800000002,0.033430769762114544,shared_ingress_security_plane,0.518,0.70448,0.518,0.0,1.5977955789854221,True,54
nsfnet,minmax_utilization_cap,14,19,4,1.5867851086045286,0.0,1.0,0.10070992760963919,0.0645978734267214,0.8898414893048803,0.5062275724205325,0.5062275724205325,0.0902057569877325,0.03346607776390668,shared_ingress_security_plane,0.5062275724205325,0.6884694984919242,0.5062275724205325,0.0,1.5914837226465484,True,61
nsfnet,system_optimum_expansion,14,19,4,1.586198190600278,-0.00036987869439154673,0.9996301213056085,0.09111838295031714,0.0565439218593926,0.9338754762163276,0.5177742162692067,0.5177742162692067,0.09436772893968333,0.032659596632089866,shared_ingress_security_plane,0.5177742162692067,0.7041729341261211,0.5177742162692067,0.02906046347766506,1.59176814143945,True,1819
nsfnet,paradox_aware,14,19,4,1.615686772359125,0.018213974657232283,1.0182139746572323,0.2898409917238546,0.061719799187230695,0.9338858554310726,0.6306786280467667,0.6306786280467667,0.252,0.08322343497745013,shared_ingress_security_plane,0.6306786280467667,0.8577229341436027,0.6306786280467667,0.25,1.6335904391624632,True,39
geant,baseline,22,35,4,1.5952957140332833,0.0,1.0,0.09094524194272322,0.07048401352201315,0.916373668582765,0.984491468670402,0.7371765214275166,0.1085530266110982,0.0410269601853083,shared_ingress_security_plane,0.5141660049510408,0.6992657667334156,0.5141660049510408,0.0,1.6000415869484292,True,39
geant,naive_expansion,22,35,4,2.02935746016085,0.27208858038623845,1.2720885803862385,0.5811271308449542,0.09743198817849587,0.8292768551337566,1.1335364704842277,0.9791439854922507,3.573160500853286,1.512201099126829,shared_ingress_security_plane,0.9791439854922507,1.331635820269461,0.9791439854922507,0.9413822396056566,2.280609803861298,True,201
geant,load_aware_cap_0.50,22,35,4,1.7158067443418643,0.07554149945272576,1.0755414994527257,0.4212178276896056,0.07177116558782824,0.9071575556962256,0.9848644886011655,0.7636134588205687,1.008,0.31451344786251334,shared_ingress_security_plane,0.7636134588205687,1.0385143039959734,0.7636134588205687,0.5,1.7694660819794286,True,49
geant,risk_aware_surcharge,22,35,4,1.599111621908992,0.002391975257089622,1.0023919752570896,0.09702126482356697,0.06738960505945363,0.9434171973099323,0.6786198320883217,0.536122344263545,0.10117436314256095,0.03605031783733211,shared_ingress_security_plane,0.536122344263545,0.7291263881984212,0.536122344263545,0.0,1.6041683078526163,True,241
geant,minmax_utilization_cap,22,35,4,1.5952957140332833,0.0,1.0,0.09094524194272322,0.07048401352201315,0.916373668582765,0.984491468670402,0.7371765214275166,0.1085530266110982,0.0410269601853083,shared_ingress_security_plane,0.5141660049510408,0.6992657667334156,0.5141660049510408,0.0,1.6000415869484292,True,39
geant,system_optimum_expansion,22,35,4,1.591713239952075,-0.002245648909913339,0.9977543510900867,0.12150384923100724,0.07145265977594989,0.8868183429469674,0.9170730604626477,0.6674299452933214,0.10645753405058556,0.04457859748651442,shared_ingress_security_plane,0.5499419753756505,0.7479210865108847,0.5499419753756505,0.08192535429344132,1.5992638895998201,True,1593
geant,paradox_aware,22,35,4,1.6240492890631482,0.018023978110722216,1.0180239781107223,0.2572590408141376,0.06675392726755668,0.9242709975164258,0.9847432896511041,0.7361187738771628,0.252,0.08665433077689015,shared_ingress_security_plane,0.6388812261228372,0.8688784675270587,0.6388812261228372,0.25,1.6420646925325024,True,57
edge_fog,baseline,25,30,5,1.5774454453472022,0.0,1.0,0.0499737994254988,0.03790531327202327,0.9472242955505829,0.6,0.500827494666012,0.11036439894191107,0.036248617536134876,shared_egress_security_plane,0.500827494666012,0.6811253927457763,0.500827494666012,0.0,1.5821337255044354,True,1495
edge_fog,naive_expansion,25,30,5,2.062969658904559,0.3077914453329897,1.3077914453329897,0.48681612576397704,0.06325792920536234,0.9014509508638558,1.0,1.0,4.979353112500206,1.6160112241843867,shared_egress_security_plane,1.0,1.36,1.0,0.993965234503116,2.3576205170019695,True,2
edge_fog,load_aware_cap_0.50,25,30,5,1.6976614153488323,0.07620927262886741,1.0762092726288675,0.2980269183930038,0.04145283479478397,0.9268833348489286,0.7509027633531831,0.7509027633531831,1.26,0.2704042962163846,shared_egress_security_plane,0.7509027633531831,1.021227758160329,0.7509027633531831,0.5,1.7510562658469193,True,401
edge_fog,risk_aware_surcharge,25,30,5,1.586845729005472,0.005959181463927455,1.0059591814639275,0.05345763432794056,0.042091730986408636,0.8961750273945781,0.6953711289867683,0.506142940904443,0.11271949771605534,0.04054723768587224,shared_egress_security_plane,0.506142940904443,0.6883543996300425,0.506142940904443,6.8198529009332325e-06,1.591545652594261,True,1013
edge_fog,minmax_utilization_cap,25,30,5,1.5774454453472022,0.0,1.0,0.0499737994254988,0.03790531327202327,0.9472242955505829,0.6,0.500827494666012,0.11036439894191107,0.036248617536134876,shared_egress_security_plane,0.500827494666012,0.6811253927457763,0.500827494666012,0.0,1.5821337255044354,True,1495
edge_fog,system_optimum_expansion,25,30,5,1.5772149366540194,-0.00014612783843825843,0.9998538721615617,0.047949176357640726,0.03763798000983971,0.9322369264948308,0.5995898820367161,0.5113151004151135,0.11503497804150777,0.03677477324556987,shared_egress_security_plane,0.5113151004151135,0.6953885365645543,0.5113151004151135,0.021736974869013267,1.5825486323472318,True,1862
edge_fog,paradox_aware,25,30,5,1.6061593453480103,0.018202784816110103,1.0182027848161102,0.15535420952604173,0.037137267332024736,0.9458445097498602,0.6258744991214242,0.6258744991214242,0.315,0.07280272557892387,shared_egress_security_plane,0.6258744991214242,0.851189318805137,0.6258744991214242,0.25,1.624041489469382,True,858
