topology,seed,method,expanded,average_cost,own_penalty,relative_to_wardrop_baseline,wardrop_cost,gateway_share,admitted_demand,offered_demand,attack_loss,ddos_surface,runtime_s,communities,mip_gap,max_compute_util,max_link_util
fat_tree_k4,0,global_vcfr_fixed_placement,0,1.5912576530612246,0.0,0.006525567034550983,1.5809411158321838,0.0,7.0,7.0,0.20114285714285715,0.6217142857142858,0.006006166018778458,1,0.0,0.5714285714285714,0.20833333333333334
fat_tree_k4,0,global_vcfr_fixed_placement,1,1.5912576530612246,0.0,0.006525567034550983,2.0624714285714285,0.0,7.0,7.0,0.20114285714285715,0.6217142857142858,0.006753499998012558,1,0.0,0.5714285714285714,0.20833333333333334
fat_tree_k4,0,lbcd_fixed_placement,0,1.5934969387755102,0.0,0.007941992789982644,1.5809411158321838,0.0,7.0,7.0,0.20114285714285715,0.6217142857142858,0.06553045901819132,3,0.0,0.5714285714285714,0.125
fat_tree_k4,0,lbcd_fixed_placement,1,1.5934969387755102,0.0,0.007941992789982644,2.0624714285714285,0.0,7.0,7.0,0.20114285714285715,0.6217142857142858,0.06524566598818637,3,0.0,0.5714285714285714,0.125
fat_tree_k4,1,global_vcfr_fixed_placement,0,1.5894010561266212,0.0,0.005920371187440487,1.5800465937978867,0.0,6.766399242752391,6.766399242752391,0.19220080520717733,0.17848806984213367,0.0055597090104129165,1,0.0,0.582877191418991,0.18536051400655748
fat_tree_k4,1,global_vcfr_fixed_placement,1,1.5894010561266212,0.0,0.005920371187440487,2.0623213764150745,0.0,6.766399242752391,6.766399242752391,0.19220080520717733,0.17848806984213367,0.005720833985833451,1,0.0,0.582877191418991,0.18536051400655748
fat_tree_k4,1,lbcd_fixed_placement,0,1.6079135790372092,0.0,0.017636812324844042,1.5800465937978867,0.0,6.766399242752391,6.766399242752391,0.22451296382358132,0.6680815237827186,0.04861808297573589,4,0.0,0.6140455181826457,0.1451675864745226
fat_tree_k4,1,lbcd_fixed_placement,1,1.6079135790372092,0.0,0.017636812324844042,2.0623213764150745,0.0,6.766399242752391,6.766399242752391,0.22451296382358132,0.6680815237827186,0.04916270900866948,4,0.0,0.6140455181826457,0.1451675864745226
fat_tree_k4,2,global_vcfr_fixed_placement,0,1.5822856735494772,0.0,0.0018130092979833368,1.579422166476215,0.0,7.07040584805024,7.07040584805024,0.17914993334593143,0.19474622131956565,0.005223957996349782,1,0.0,0.6645438330615556,0.2097918587512018
fat_tree_k4,2,global_vcfr_fixed_placement,1,1.5971984307042324,0.009424819679560104,0.011254916263254255,2.0625737308046888,0.18797897810768885,7.07040584805024,7.07040584805024,0.25183926562370246,0.1741748209981593,0.009168374992441386,1,0.0,0.594346849888267,0.18180287198166692
fat_tree_k4,2,lbcd_fixed_placement,0,1.594590945912597,0.0,0.00960400566634112,1.579422166476215,0.0,7.07040584805024,7.07040584805024,0.2080602079531985,0.19474622131956565,0.06122866700752638,4,0.0,0.6645438330615556,0.15241550148189908
fat_tree_k4,2,lbcd_fixed_placement,1,1.594590945912597,0.0,0.00960400566634112,2.0625737308046888,0.0,7.07040584805024,7.07040584805024,0.2080602079531985,0.19474622131956565,0.06028191599762067,4,0.0,0.6645438330615556,0.15241550148189908
fat_tree_k4,3,global_vcfr_fixed_placement,0,1.6260930003691114,0.0,0.027969568094457165,1.5818493570616037,0.0,7.5732935186011705,7.5732935186011705,0.2806505975061166,0.18250464523955656,0.007286042004125193,1,0.0,0.6670662388548936,0.21519500047854798
fat_tree_k4,3,global_vcfr_fixed_placement,1,1.6024810069827957,-0.01452069062529382,0.013042740023940569,2.063661446479948,0.17616278498026694,7.5732935186011705,7.5732935186011705,0.26383655643715326,0.18120170303730274,0.008989333000499755,1,0.0,0.6623039011447388,0.24817792127864347
fat_tree_k4,3,lbcd_fixed_placement,0,1.5848473193114203,0.0,0.0018952261392233272,1.5818493570616037,0.0,7.5732935186011705,7.5732935186011705,0.1777320856426613,0.18250464523955656,0.06311408302281052,3,0.0,0.6670662388548936,0.13901669216877482
fat_tree_k4,3,lbcd_fixed_placement,1,1.5848473193114203,0.0,0.0018952261392233272,2.063661446479948,0.0,7.5732935186011705,7.5732935186011705,0.1777320856426613,0.18250464523955656,0.05931704098475166,3,0.0,0.6670662388548936,0.13901669216877482
fat_tree_k4,4,global_vcfr_fixed_placement,0,1.6409251999951342,0.0,0.03707000574859287,1.582270426200069,0.0,6.4437133394516986,6.4437133394516986,0.25588221075252365,0.21681433022390617,0.0068557919876184314,1,0.0,0.6742709420116166,0.18895959600674517
fat_tree_k4,4,global_vcfr_fixed_placement,1,1.6007765966211418,-0.0244670527176446,0.011695959246054155,2.0623099771220903,0.20928024152886696,6.4437133394516986,6.4437133394516986,0.28448095656977695,0.6583572840721845,0.008364749985048547,1,0.0,0.6051077978604636,0.23864554255829368
fat_tree_k4,4,lbcd_fixed_placement,0,1.6235072784807392,0.0,0.026061823312784282,1.582270426200069,0.0,6.4437133394516986,6.4437133394516986,0.2325130294934726,0.21681433022390617,0.06321308299084194,4,0.0,0.6742709420116166,0.15261476333380725
fat_tree_k4,4,lbcd_fixed_placement,1,1.6235072784807392,0.0,0.026061823312784282,2.0623099771220903,0.0,6.4437133394516986,6.4437133394516986,0.2325130294934726,0.21681433022390617,0.06171454198192805,4,0.0,0.6742709420116166,0.15261476333380725
fat_tree_k4,5,global_vcfr_fixed_placement,0,1.6278667058958254,0.0,0.029133355663300442,1.5817840291908791,0.0,7.127694338452101,7.127694338452101,0.26689089176019715,0.19421093960586008,0.006550999998580664,1,0.0,0.6680869762037411,0.2202424148895313
fat_tree_k4,5,global_vcfr_fixed_placement,1,1.5990270278176082,-0.01771624050898357,0.01090098161855213,2.0631330111063733,0.18746229691685334,7.127694338452101,7.127694338452101,0.2524860961043672,0.654480427948304,0.00906900002155453,1,4.5402270168168424e-14,0.601544510981897,0.2136198079750772
fat_tree_k4,5,lbcd_fixed_placement,0,1.5968513818889678,0.0,0.009525543576132778,1.5817840291908791,0.0,7.127694338452101,7.127694338452101,0.20871057658222852,0.19421093960586008,0.06616783398203552,4,0.0,0.6680869762037411,0.15518585406732427
fat_tree_k4,5,lbcd_fixed_placement,1,1.5968513818889678,0.0,0.009525543576132778,2.0631330111063733,0.0,7.127694338452101,7.127694338452101,0.20871057658222852,0.19421093960586008,0.06466187498881482,4,0.0,0.6680869762037411,0.15518585406732427
fat_tree_k4,6,global_vcfr_fixed_placement,0,1.5826139745867833,0.0,0.0017435029349421871,1.5798594849379977,0.0,6.985573818697887,6.985573818697887,0.1767849202460224,0.18629428307436033,0.006501708005089313,1,0.0,0.6280755146801855,0.21252806899126306
fat_tree_k4,6,global_vcfr_fixed_placement,1,1.5962391001082687,0.008609253892783775,0.01036776708715581,2.062751052316132,0.17982073655826286,6.985573818697887,6.985573818697887,0.22768905935462602,0.17947539821650768,0.009042999998200685,1,0.0,0.6050862176069562,0.19482978219189526
fat_tree_k4,6,lbcd_fixed_placement,0,1.5974103858460074,0.0,0.011109153108447734,1.5798594849379977,0.0,6.985573818697887,6.985573818697887,0.2105830416884389,0.18629428307436033,0.05716520801070146,4,0.0,0.6280755146801855,0.14519862766930935
fat_tree_k4,6,lbcd_fixed_placement,1,1.5974103858460074,0.0,0.011109153108447734,2.062751052316132,0.0,6.985573818697887,6.985573818697887,0.2105830416884389,0.18629428307436033,0.05453795799985528,4,0.0,0.6280755146801855,0.14519862766930935
fat_tree_k4,7,global_vcfr_fixed_placement,0,1.5849715708773735,0.0,0.0033507510365615722,1.5796784616346173,0.0,5.936934504396397,5.936934504396397,0.145521013113571,0.20271507488899881,0.006755999987944961,1,0.0,0.5808427232962339,0.11112726403162485
fat_tree_k4,7,global_vcfr_fixed_placement,1,1.5849715708773735,0.0,0.0033507510365615722,2.0617180344913772,0.0,5.936934504396397,5.936934504396397,0.145521013113571,0.20271507488899881,0.006920750020071864,1,0.0,0.5808427232962339,0.11112726403162485
fat_tree_k4,7,lbcd_fixed_placement,0,1.586588685143902,0.0,0.004374449406706615,1.5796784616346173,0.0,5.936934504396397,5.936934504396397,0.1530077923275204,0.20271507488899881,0.053058290999615565,3,0.0,0.5808427232962339,0.11112726403162485
fat_tree_k4,7,lbcd_fixed_placement,1,1.586588685143902,0.0,0.004374449406706615,2.0617180344913772,0.0,5.936934504396397,5.936934504396397,0.1530077923275204,0.20271507488899881,0.05650274999788962,3,0.0,0.5808427232962339,0.11112726403162485
fat_tree_k4,8,global_vcfr_fixed_placement,0,1.5823944369924539,0.0,0.0007364709683730375,1.5812299070715723,0.0,7.709460049115471,7.709460049115471,0.1850006854186966,0.1759573398089911,0.00604049998219125,1,0.0,0.654698881084002,0.2402942573423333
fat_tree_k4,8,global_vcfr_fixed_placement,1,1.599567235566854,0.010852413388813043,0.01159687684458377,2.0631264125458952,0.16984299209362075,7.709460049115471,7.709460049115471,0.26033238198089514,0.16912855790202616,0.0075486249988898635,1,0.0,0.6292904731226754,0.220236956368666
fat_tree_k4,8,lbcd_fixed_placement,0,1.6062314558239141,0.0,0.01581145704399467,1.5812299070715723,0.0,7.709460049115471,7.709460049115471,0.2488347212639354,0.1759573398089911,0.05013420799514279,4,0.0,0.654698881084002,0.15346085810291954
fat_tree_k4,8,lbcd_fixed_placement,1,1.6062314558239141,0.0,0.01581145704399467,2.0631264125458952,0.0,7.709460049115471,7.709460049115471,0.2488347212639354,0.1759573398089911,0.04940829100087285,4,0.0,0.654698881084002,0.15346085810291954
fat_tree_k4,9,global_vcfr_fixed_placement,0,1.584545756649757,0.0,0.0038874202379892697,1.5784098143934429,0.0,5.318689951830763,5.318689951830763,0.1372992611739563,0.21444991937809968,0.006644832988968119,1,0.0,0.5504790691926718,0.15186423235606486
fat_tree_k4,9,global_vcfr_fixed_placement,1,1.584545756649757,0.0,0.0038874202379892697,2.06106353820953,0.0,5.318689951830763,5.318689951830763,0.1372992611739563,0.21444991937809968,0.007802000007359311,1,0.0,0.5504790691926718,0.15186423235606486
fat_tree_k4,9,lbcd_fixed_placement,0,1.62218919260376,0.0,0.027736382409115246,1.5784098143934429,0.0,5.318689951830763,5.318689951830763,0.19426531226847155,0.7009432411674797,0.051830833981512114,4,0.0,0.6442493025436394,0.11315004957530966
fat_tree_k4,9,lbcd_fixed_placement,1,1.62218919260376,0.0,0.027736382409115246,2.06106353820953,0.0,5.318689951830763,5.318689951830763,0.19426531226847155,0.7009432411674797,0.0555274170183111,4,0.0,0.6442493025436394,0.11315004957530966
fat_tree_k4,10,global_vcfr_fixed_placement,0,1.6118541587580717,0.0,0.01898667658311548,1.5818206418193517,0.0,6.339870403524794,6.339870403524794,0.21648397981748543,0.21696827921962064,0.005990250007016584,1,0.0,0.6638758551776913,0.1941303582492615
fat_tree_k4,10,global_vcfr_fixed_placement,1,1.5999672203881943,-0.007374698452269568,0.011471957116434561,2.063237901065362,0.20942884094557976,6.339870403524794,6.339870403524794,0.28029405777734484,0.6580235225357481,0.010440999991260469,1,0.0,0.6048010317424155,0.18709000963555183
fat_tree_k4,10,lbcd_fixed_placement,0,1.5891760628710907,0.0,0.004649971594301139,1.5818206418193517,0.0,6.339870403524794,6.339870403524794,0.16514986165030818,0.21696827921962064,0.05290029200841673,3,0.0,0.6638758551776913,0.11188755295105467
fat_tree_k4,10,lbcd_fixed_placement,1,1.5891760628710907,0.0,0.004649971594301139,2.063237901065362,0.0,6.339870403524794,6.339870403524794,0.16514986165030818,0.21696827921962064,0.05536074997507967,3,0.0,0.6638758551776913,0.11188755295105467
fat_tree_k4,11,global_vcfr_fixed_placement,0,1.5883108974866715,0.0,0.004419317772350162,1.5813225307228305,0.0,6.513192752510128,6.513192752510128,0.17867159547614367,0.18389066834497117,0.006819500005804002,1,0.0,0.5780479576827751,0.2090709001101098
fat_tree_k4,11,global_vcfr_fixed_placement,1,1.5883108974866715,0.0,0.004419317772350162,2.0621163888544256,0.0,6.513192752510128,6.513192752510128,0.17867159547614367,0.18389066834497117,0.007852207985706627,1,0.0,0.5780479576827751,0.2090709001101098
fat_tree_k4,11,lbcd_fixed_placement,0,1.5907580385729119,0.0,0.005966845894346706,1.5813225307228305,0.0,6.513192752510128,6.513192752510128,0.17607382311119563,0.18389066834497117,0.054892333020688966,4,0.0,0.5780479576827751,0.15271442680975672
fat_tree_k4,11,lbcd_fixed_placement,1,1.5907580385729119,0.0,0.005966845894346706,2.0621163888544256,0.0,6.513192752510128,6.513192752510128,0.17607382311119563,0.18389066834497117,0.061560708010802045,4,0.0,0.5780479576827751,0.15271442680975672
fat_tree_k4,12,global_vcfr_fixed_placement,0,1.5881361451561677,0.0,0.004350219675749445,1.5812573284136795,0.0,5.8766191141080935,5.8766191141080935,0.16103843399699802,0.20130598697513669,0.005618124996544793,1,0.0,0.5709452755031289,0.17740277704928634
fat_tree_k4,12,global_vcfr_fixed_placement,1,1.5881361451561677,0.0,0.004350219675749445,2.061777296531681,0.0,5.8766191141080935,5.8766191141080935,0.16103843399699802,0.20130598697513669,0.006080708000808954,1,0.0,0.5709452755031289,0.17740277704928634
fat_tree_k4,12,lbcd_fixed_placement,0,1.6052469632808617,0.0,0.01517124027576755,1.5812573284136795,0.0,5.8766191141080935,5.8766191141080935,0.1890587991749717,0.657842965713274,0.049370833003195,4,0.0,0.6046350787805828,0.15125379598857006
fat_tree_k4,12,lbcd_fixed_placement,1,1.6052469632808617,0.0,0.01517124027576755,2.061777296531681,0.0,5.8766191141080935,5.8766191141080935,0.1890587991749717,0.657842965713274,0.05574183299904689,4,0.0,0.6046350787805828,0.15125379598857006
fat_tree_k4,13,global_vcfr_fixed_placement,0,1.5984818189225498,0.0,0.010099752468375911,1.5824989710336503,0.0,7.057472606875176,7.057472606875176,0.21573140550471948,0.1918322880061692,0.005208375019719824,1,0.0,0.6534030490915678,0.23930104603208605
fat_tree_k4,13,global_vcfr_fixed_placement,1,1.5945744008004443,-0.002444455780384991,0.007630608289689089,2.062669257246185,0.18516630116425598,7.057472606875176,7.057472606875176,0.24391226315178044,0.18070706344005727,0.006887499999720603,1,0.0,0.6155092423248353,0.21700551642052263
fat_tree_k4,13,lbcd_fixed_placement,0,1.5918836694937004,0.0,0.005930303040841967,1.5824989710336503,0.0,7.057472606875176,7.057472606875176,0.19146301607417804,0.1918322880061692,0.05431150001822971,4,0.0,0.6534030490915678,0.14563103768154814
fat_tree_k4,13,lbcd_fixed_placement,1,1.5918836694937004,0.0,0.005930303040841967,2.062669257246185,0.0,7.057472606875176,7.057472606875176,0.19146301607417804,0.1918322880061692,0.059555667015956715,4,0.0,0.6534030490915678,0.14563103768154814
fat_tree_k4,14,global_vcfr_fixed_placement,0,1.6309238590694857,0.0,0.03094723956062584,1.5819663669350925,0.0,7.474693953526415,7.474693953526415,0.2838713782116138,0.1922580252016502,0.00640179100446403,1,0.0,0.693566553326112,0.23003430688507498
fat_tree_k4,14,global_vcfr_fixed_placement,1,1.5982952322626356,-0.02000622323685064,0.010321878940561025,2.0635085500834,0.18557724440313725,7.474693953526415,7.474693953526415,0.25947970226930583,0.6590128681014683,0.013851875002728775,1,0.0,0.6057103567109083,0.23003430688507498
fat_tree_k4,14,lbcd_fixed_placement,0,1.6118395627495998,0.0,0.018883584656975927,1.5819663669350925,0.0,7.474693953526415,7.474693953526415,0.25164962521902307,0.1922580252016502,0.05299187498167157,3,0.0,0.693566553326112,0.15611769961733155
fat_tree_k4,14,lbcd_fixed_placement,1,1.6010094682355465,-0.006719089644119713,0.012037614514743611,2.0635085500834,0.18557724440313725,7.474693953526415,7.474693953526415,0.25947970226930583,0.6729596041263731,0.05482945797848515,3,0.0,0.6185290479102694,0.15611769961733155
fat_tree_k4,15,global_vcfr_fixed_placement,0,1.5898237049014192,0.0,0.005630738020031778,1.580921947584453,0.0,7.016526594885934,7.016526594885934,0.1899909341587025,0.16416328004428443,0.006390541995642707,1,0.0,0.5559150677289715,0.17439841126738811
fat_tree_k4,15,global_vcfr_fixed_placement,1,1.5898237049014192,0.0,0.005630738020031778,2.062707995827846,0.0,7.016526594885934,7.016526594885934,0.1899909341587025,0.16416328004428443,0.007470042008208111,1,0.0,0.5559150677289715,0.17439841126738811
fat_tree_k4,15,lbcd_fixed_placement,0,1.5924439893291882,0.0,0.00728817875059562,1.580921947584453,0.0,7.016526594885934,7.016526594885934,0.19938680246513232,0.6182650199843888,0.046801166026853025,3,0.0,0.5682582904268279,0.12371128918353205
fat_tree_k4,15,lbcd_fixed_placement,1,1.5924439893291882,0.0,0.00728817875059562,2.062707995827846,0.0,7.016526594885934,7.016526594885934,0.19938680246513232,0.6182650199843888,0.0518081659974996,3,0.0,0.5682582904268279,0.12371128918353205
fat_tree_k4,16,global_vcfr_fixed_placement,0,1.642728394770157,0.0,0.03935638661036056,1.5805246553855947,0.0,6.933774677833318,6.933774677833318,0.2796263072475097,0.2042671351227777,0.004849958990234882,1,0.0,0.6835628808049579,0.21809035396235796
fat_tree_k4,16,global_vcfr_fixed_placement,1,1.599571895625576,-0.026271232226809604,0.012051213611302014,2.063075790610316,0.19716904934631052,6.933774677833318,6.933774677833318,0.2717113258475057,0.6628848469829993,0.008928249997552484,1,0.0,0.6092691608299625,0.23471163615873392
fat_tree_k4,16,lbcd_fixed_placement,0,1.5957468600964124,0.0,0.009631108669484245,1.5805246553855947,0.0,6.933774677833318,6.933774677833318,0.2050717416377282,0.2042671351227777,0.042073249991517514,4,0.0,0.6835628808049579,0.1396571744581699
fat_tree_k4,16,lbcd_fixed_placement,1,1.5957468600964124,0.0,0.009631108669484245,2.063075790610316,0.0,6.933774677833318,6.933774677833318,0.2050717416377282,0.2042671351227777,0.04392195798573084,4,0.0,0.6835628808049579,0.1396571744581699
fat_tree_k4,17,global_vcfr_fixed_placement,0,1.5801848721768883,0.0,0.0003651564971696164,1.5796080680278664,0.0,6.591367278270105,6.591367278270105,0.15080801440354838,0.1933539533315845,0.0068098749907221645,1,0.0,0.6150902128928432,0.18430060200972984
fat_tree_k4,17,global_vcfr_fixed_placement,1,1.5936415579100889,0.00851589327941249,0.008884159410342374,2.062606866831613,0.18663509008840204,6.591367278270105,6.591367278270105,0.23143159326823237,0.6543448955851354,0.010096250014612451,1,0.0,0.6014199407951611,0.15534560039131898
fat_tree_k4,17,lbcd_fixed_placement,0,1.6038049915612695,0.0,0.015318308397609615,1.5796080680278664,0.0,6.591367278270105,6.591367278270105,0.21215452094508264,0.1933539533315845,0.06486791701172478,4,0.0,0.6150902128928432,0.1540045477269903
fat_tree_k4,17,lbcd_fixed_placement,1,1.6038049915612695,0.0,0.015318308397609615,2.062606866831613,0.0,6.591367278270105,6.591367278270105,0.21215452094508264,0.1933539533315845,0.07092900000861846,4,0.0,0.6150902128928432,0.1540045477269903
fat_tree_k4,18,global_vcfr_fixed_placement,0,1.609424726027539,0.0,0.01750901338159272,1.5817301909481585,0.0,6.946678852080568,6.946678852080568,0.23324821411870295,0.1996123945637571,0.010324999981094152,1,0.0,0.6692293435951803,0.182067207950139
fat_tree_k4,18,global_vcfr_fixed_placement,1,1.5990071036284605,-0.006472885765084313,0.01092279377303007,2.0638621485360504,0.19267605652872305,6.946678852080568,6.946678852080568,0.2599520532078459,0.19644802521251786,0.020185125002171844,1,0.0,0.6586203389366738,0.21217285953854925
fat_tree_k4,18,lbcd_fixed_placement,0,1.5850441127117896,0.0,0.002095124555752781,1.5817301909481585,0.0,6.946678852080568,6.946678852080568,0.1612163451672531,0.1996123945637571,0.055790708982385695,4,0.0,0.6692293435951803,0.18344168374809913
fat_tree_k4,18,lbcd_fixed_placement,1,1.5850441127117896,0.0,0.002095124555752781,2.0638621485360504,0.0,6.946678852080568,6.946678852080568,0.1612163451672531,0.1996123945637571,0.058969833014998585,4,0.0,0.6692293435951803,0.18344168374809913
fat_tree_k4,19,global_vcfr_fixed_placement,0,1.6059079171370265,0.0,0.015645453980418944,1.5811697978298513,0.0,6.526676552738272,6.526676552738272,0.21451917951711724,0.2166161947268375,0.004998166987206787,1,0.0,0.6823281076578369,0.21657273165987623
fat_tree_k4,19,global_vcfr_fixed_placement,1,1.597905641583591,-0.004983022667763959,0.010584469660823048,2.062027844569565,0.20908899104907094,6.526676552738272,6.526676552738272,0.28761726791871156,0.6615500216636515,0.00982529201428406,1,0.0,0.6080422993232091,0.15753609254326179
fat_tree_k4,19,lbcd_fixed_placement,0,1.6136822986345596,0.0,0.020562308266532492,1.5811697978298513,0.0,6.526676552738272,6.526676552738272,0.22013310231021188,0.2166161947268375,0.052154542005155236,3,0.0,0.6823281076578369,0.13438049298645255
fat_tree_k4,19,lbcd_fixed_placement,1,1.6136822986345596,0.0,0.020562308266532492,2.062027844569565,0.0,6.526676552738272,6.526676552738272,0.22013310231021188,0.2166161947268375,0.05552391699166037,3,0.0,0.6823281076578369,0.13438049298645255
fat_tree_k4,20,global_vcfr_fixed_placement,0,1.651189822959259,0.0,0.04526869878096118,1.579679775052051,0.0,6.593247944532447,6.593247944532447,0.2758392849373852,0.21708049264287546,0.005575290997512639,1,0.0,0.6907652084535374,0.2190405712916601
fat_tree_k4,20,global_vcfr_fixed_placement,1,1.5992198738771775,-0.031474242609454195,0.012369658163460695,2.061298253136684,0.2095371550606906,6.593247944532447,6.593247944532447,0.2917978088140264,0.6599202230105766,0.01926320799975656,1,0.0,0.6065443226200152,0.13269492023496793
fat_tree_k4,20,lbcd_fixed_placement,0,1.581741347322847,0.0,0.0013050570776143022,1.579679775052051,0.0,6.593247944532447,6.593247944532447,0.14578079972267552,0.21708049264287546,0.057594125013565645,2,0.0,0.6907652084535374,0.13269492023496793
fat_tree_k4,20,lbcd_fixed_placement,1,1.581741347322847,0.0,0.0013050570776143022,2.061298253136684,0.0,6.593247944532447,6.593247944532447,0.14578079972267552,0.21708049264287546,0.05965054201078601,2,0.0,0.6907652084535374,0.13269492023496793
nsfnet,0,global_vcfr_fixed_placement,0,1.5995750000000002,0.0,0.00806025423739909,1.5867851086045286,0.0,4.0,4.0,0.08800000000000001,0.544,0.004376374999992549,1,0.0,0.5,0.16666666666666666
nsfnet,0,global_vcfr_fixed_placement,1,1.5995750000000002,0.0,0.00806025423739909,2.065759580112912,0.0,4.0,4.0,0.08800000000000001,0.544,0.00366775001748465,1,0.0,0.5,0.16666666666666666
nsfnet,0,lbcd_fixed_placement,0,1.7199083333333334,0.0,0.08389492944377186,1.5867851086045286,0.0,4.0,4.0,0.198,0.8160000000000001,0.008921208005631343,3,0.0,0.75,0.16666666666666666
nsfnet,0,lbcd_fixed_placement,1,1.7199083333333334,0.0,0.08389492944377186,2.065759580112912,0.0,4.0,4.0,0.198,0.8160000000000001,0.009376333007821813,3,0.0,0.75,0.16666666666666666
nsfnet,1,global_vcfr_fixed_placement,0,1.600739874749138,0.0,0.009012315046757369,1.5864423564294752,0.0,3.844280555120821,3.844280555120821,0.10008440759073822,0.3141606142692653,0.003713250014698133,1,0.0,0.582877191418991,0.17424814635059352
nsfnet,1,global_vcfr_fixed_placement,1,1.600739874749138,0.0,0.009012315046757369,2.065746701094359,0.0,3.844280555120821,3.844280555120821,0.10008440759073822,0.3141606142692653,0.004532208986347541,1,0.0,0.582877191418991,0.17424814635059352
nsfnet,1,lbcd_fixed_placement,0,1.7181800078528517,0.0,0.08303967105358412,1.5864423564294752,0.0,3.844280555120821,3.844280555120821,0.19505307542414974,0.8261452743128456,0.008966499997768551,3,0.0,0.7593247006551889,0.17424814635059352
nsfnet,1,lbcd_fixed_placement,1,1.7181800078528517,0.0,0.08303967105358412,2.065746701094359,0.0,3.844280555120821,3.844280555120821,0.19505307542414974,0.8261452743128456,0.015602333005517721,3,0.0,0.7593247006551889,0.17424814635059352
nsfnet,2,global_vcfr_fixed_placement,0,1.6010225623844394,0.0,0.01003093978182057,1.5851222960855837,0.0,3.7939286672124464,3.7939286672124464,0.09971515373035603,0.3629311309944141,0.003878291987348348,1,0.0,0.6645438330615556,0.17278362449706097
nsfnet,2,global_vcfr_fixed_placement,1,1.6010225623844394,0.0,0.01003093978182057,2.065832957950061,0.0,3.7939286672124464,3.7939286672124464,0.09971515373035603,0.3629311309944141,0.0036852500052191317,1,0.0,0.6645438330615556,0.17278362449706097
nsfnet,2,lbcd_fixed_placement,0,2.083541913615055,0.0,0.314436065129047,1.5851222960855837,0.0,3.7939286672124464,3.7939286672124464,0.33386572271469533,1.088,0.008386792003875598,4,0.0,1.0,0.17278362449706097
nsfnet,2,lbcd_fixed_placement,1,2.083541913615055,0.0,0.314436065129047,2.065832957950061,0.0,3.7939286672124464,3.7939286672124464,0.33386572271469533,1.088,0.008991959010018036,4,0.0,1.0,0.17278362449706097
nsfnet,3,global_vcfr_fixed_placement,0,1.604873580773546,0.0,0.012152777151438698,1.585604087645974,0.0,3.8350398116989006,3.8350398116989006,0.10223807670623497,0.3541306040085065,0.0033392499899491668,1,0.0,0.6554560641474907,0.17590115524718142
nsfnet,3,global_vcfr_fixed_placement,1,1.604873580773546,0.0,0.012152777151438698,2.062677770550718,0.0,3.8350398116989006,3.8350398116989006,0.10223807670623497,0.3541306040085065,0.004073749994859099,1,0.0,0.6554560641474907,0.17590115524718142
nsfnet,3,lbcd_fixed_placement,0,2.0867045647108826,0.0,0.3160312722256249,1.585604087645974,0.0,3.8350398116989006,3.8350398116989006,0.33748350342950345,1.0880000000000005,0.0075158329855185,4,0.0,1.0000000000000002,0.17590115524718142
nsfnet,3,lbcd_fixed_placement,1,2.0867045647108826,0.0,0.3160312722256249,2.062677770550718,0.0,3.8350398116989006,3.8350398116989006,0.33748350342950345,1.0880000000000005,0.007446665986208245,4,0.0,1.0000000000000002,0.17590115524718142
nsfnet,4,global_vcfr_fixed_placement,0,1.6226909105531206,0.0,0.02138747540852437,1.5887123639381744,0.0,3.5334911144384584,3.5334911144384584,0.11889439160003874,0.3953850021411741,0.0046971669944468886,1,0.0,0.6742709420116166,0.18575292294396306
nsfnet,4,global_vcfr_fixed_placement,1,1.6226909105531206,0.0,0.02138747540852437,2.0679692424387293,0.0,3.5334911144384584,3.5334911144384584,0.11889439160003874,0.3953850021411741,0.005110708007123321,1,0.0,0.6742709420116166,0.18575292294396306
nsfnet,4,lbcd_fixed_placement,0,1.7969247503596903,0.0,0.13105732110335522,1.5887123639381744,0.0,3.5334911144384584,3.5334911144384584,0.20823203554723546,0.8903470616822192,0.012201291014207527,3,0.0,0.8183336963990985,0.12858608007071337
nsfnet,4,lbcd_fixed_placement,1,1.7969247503596903,0.0,0.13105732110335522,2.0679692424387293,0.0,3.5334911144384584,3.5334911144384584,0.20823203554723546,0.8903470616822192,0.011144666990730911,3,0.0,0.8183336963990985,0.12858608007071337
nsfnet,5,global_vcfr_fixed_placement,0,1.595158076370176,0.0,0.004606389105311415,1.5878438497597072,0.0,3.8435237708027197,3.8435237708027197,0.08880745699071957,0.3046429141282957,0.0031984579982236028,1,0.0,0.5651072789858669,0.13632641555563343
nsfnet,5,global_vcfr_fixed_placement,1,1.595158076370176,0.0,0.004606389105311415,2.0683345642005277,0.0,3.8435237708027197,3.8435237708027197,0.08880745699071957,0.3046429141282957,0.003596208000089973,1,0.0,0.5651072789858669,0.13632641555563343
nsfnet,5,lbcd_fixed_placement,0,2.0857593533135215,0.0,0.3135796404849036,1.5878438497597072,0.0,3.8435237708027197,3.8435237708027197,0.3382300918306395,1.0880000000000005,0.008098874997813255,4,0.0,1.0000000000000002,0.13632641555563343
nsfnet,5,lbcd_fixed_placement,1,2.0857593533135215,0.0,0.3135796404849036,2.0683345642005277,0.0,3.8435237708027197,3.8435237708027197,0.3382300918306395,1.0880000000000005,0.008039459004066885,4,0.0,1.0000000000000002,0.13632641555563343
nsfnet,6,global_vcfr_fixed_placement,0,1.5978628054328632,0.0,0.007395010567701421,1.5861333326759413,0.0,3.7461254383866227,3.7461254383866227,0.08282925059061634,0.34739158840816026,0.005324792000465095,1,0.0,0.6280755146801855,0.1564805780196032
nsfnet,6,global_vcfr_fixed_placement,1,1.5978628054328632,0.0,0.007395010567701421,2.067464770090527,0.0,3.7461254383866227,3.7461254383866227,0.08282925059061634,0.34739158840816026,0.004860582994297147,1,0.0,0.6280755146801855,0.1564805780196032
nsfnet,6,lbcd_fixed_placement,0,2.0836699257015066,0.0,0.3136789214221851,1.5861333326759413,0.0,3.7461254383866227,3.7461254383866227,0.3296590385780228,1.088,0.0078562080161646,4,0.0,1.0,0.1556965418459487
nsfnet,6,lbcd_fixed_placement,1,2.0836699257015066,0.0,0.3136789214221851,2.067464770090527,0.0,3.7461254383866227,3.7461254383866227,0.3296590385780228,1.088,0.007889250002335757,4,0.0,1.0,0.1556965418459487
nsfnet,7,global_vcfr_fixed_placement,0,1.6002008479902743,0.0,0.008857470804530365,1.5861515568836173,0.0,3.5881383131455973,3.5881383131455973,0.08554274120136168,0.3354124110156512,0.003471417003311217,1,0.0,0.5808427232962339,0.15563368021614687
nsfnet,7,global_vcfr_fixed_placement,1,1.6002008479902743,0.0,0.008857470804530365,2.067118913676672,0.0,3.5881383131455973,3.5881383131455973,0.08554274120136168,0.3354124110156512,0.003450459014857188,1,0.0,0.5808427232962339,0.15563368021614687
nsfnet,7,lbcd_fixed_placement,0,1.77164277140309,0.0,0.11694419345646612,1.5861515568836173,0.0,3.5881383131455973,3.5881383131455973,0.20373593187979516,0.8739504021359492,0.0067407079914119095,3,0.0,0.8032632372573062,0.15563368021614687
nsfnet,7,lbcd_fixed_placement,1,1.77164277140309,0.0,0.11694419345646612,2.067118913676672,0.0,3.5881383131455973,3.5881383131455973,0.20373593187979516,0.8739504021359492,0.006877665990032256,3,0.0,0.8032632372573062,0.15563368021614687
nsfnet,8,global_vcfr_fixed_placement,0,1.6070266903735329,0.0,0.01207551222495451,1.5878525574051616,0.0,4.025847445081962,4.025847445081962,0.11065682006336917,0.297972258248364,0.0032455000036861748,1,0.0,0.578953115142123,0.18749736452967028
nsfnet,8,global_vcfr_fixed_placement,1,1.6070266903735329,0.0,0.01207551222495451,2.0688722736843954,0.0,4.025847445081962,4.025847445081962,0.11065682006336917,0.297972258248364,0.003257875010604039,1,0.0,0.578953115142123,0.18749736452967028
nsfnet,8,lbcd_fixed_placement,0,2.0850516795395646,0.0,0.3131267571511276,1.5878525574051616,0.0,4.025847445081962,4.025847445081962,0.3542745751672127,1.088,0.00851754198083654,4,0.0,1.0,0.1479899225604932
nsfnet,8,lbcd_fixed_placement,1,2.0850516795395646,0.0,0.3131267571511276,2.0688722736843954,0.0,4.025847445081962,4.025847445081962,0.3542745751672127,1.088,0.00854891599738039,4,0.0,1.0,0.1479899225604932
nsfnet,9,global_vcfr_fixed_placement,0,1.6007611433787223,0.0,0.009844093358771344,1.5851567127105168,0.0,3.091762845554576,3.091762845554576,0.08307805673559833,0.6012119954530237,0.0033139580045826733,1,0.0,0.5525845546443232,0.14237169958972007
nsfnet,9,global_vcfr_fixed_placement,1,1.6007611433787223,0.0,0.009844093358771344,2.0663350524035433,0.0,3.091762845554576,3.091762845554576,0.08307805673559833,0.6012119954530237,0.004290500015486032,1,0.0,0.5525845546443232,0.14237169958972007
nsfnet,9,lbcd_fixed_placement,0,1.757651874497985,0.0,0.10881899587865518,1.5851567127105168,0.0,3.091762845554576,3.091762845554576,0.1691793096463526,0.8579423311432921,0.00792800000635907,3,0.0,0.7885499367125846,0.14237169958972007
nsfnet,9,lbcd_fixed_placement,1,1.757651874497985,0.0,0.10881899587865518,2.0663350524035433,0.0,3.091762845554576,3.091762845554576,0.1691793096463526,0.8579423311432921,0.008162457990692928,3,0.0,0.7885499367125846,0.14237169958972007
nsfnet,10,global_vcfr_fixed_placement,0,1.5917835611390543,0.0,0.0032574030314378444,1.5866153156002922,0.0,3.1836241143468444,3.1836241143468444,0.08378433875164097,0.5949878396348875,0.003598334005801007,1,0.0,0.5468638231938304,0.14766043108280377
nsfnet,10,global_vcfr_fixed_placement,1,1.5917835611390543,0.0,0.0032574030314378444,2.0671293533453077,0.0,3.1836241143468444,3.1836241143468444,0.08378433875164097,0.5949878396348875,0.0040611670119687915,1,0.0,0.5468638231938304,0.14766043108280377
nsfnet,10,lbcd_fixed_placement,0,1.7417468563265726,0.0,0.09777514385557695,1.5866153156002922,0.0,3.1836241143468444,3.1836241143468444,0.16869343513379403,0.8442591136021691,0.008666875015478581,3,0.0,0.7759734500019936,0.14766043108280377
nsfnet,10,lbcd_fixed_placement,1,1.7417468563265726,0.0,0.09777514385557695,2.0671293533453077,0.0,3.1836241143468444,3.1836241143468444,0.16869343513379403,0.8442591136021691,0.008926957991207018,3,0.0,0.7759734500019936,0.14766043108280377
nsfnet,11,global_vcfr_fixed_placement,0,1.6029840699015803,0.0,0.010371010815334536,1.5865301485718868,0.0,3.636498285586762,3.636498285586762,0.08969528387527075,0.3293595305862916,0.0030927500047255307,1,0.0,0.5780479576827751,0.16043677216529512
nsfnet,11,global_vcfr_fixed_placement,1,1.6029840699015803,0.0,0.010371010815334536,2.0658240399898307,0.0,3.636498285586762,3.636498285586762,0.08969528387527075,0.3293595305862916,0.0030742920062039047,1,0.0,0.5780479576827751,0.16043677216529512
nsfnet,11,lbcd_fixed_placement,0,1.7562641270176405,0.0,0.10698440152463506,1.5865301485718868,0.0,3.636498285586762,3.636498285586762,0.19895808393226647,0.85788023209329,0.006652125011896715,3,0.0,0.7884928603798621,0.16043677216529512
nsfnet,11,lbcd_fixed_placement,1,1.7562641270176405,0.0,0.10698440152463506,2.0658240399898307,0.0,3.636498285586762,3.636498285586762,0.19895808393226647,0.85788023209329,0.00785420899046585,3,0.0,0.7884928603798621,0.16043677216529512
nsfnet,12,global_vcfr_fixed_placement,0,1.5916361153728227,0.0,0.003237947774432426,1.5864991140971927,0.0,3.279345727658036,3.279345727658036,0.07489676826357147,0.33060620048908806,0.013207957992563024,1,0.0,0.523249049764067,0.17441634992135568
nsfnet,12,global_vcfr_fixed_placement,1,1.5916361153728227,0.0,0.003237947774432426,2.0644587003983945,0.0,3.279345727658036,3.279345727658036,0.07489676826357147,0.33060620048908806,0.004845916002523154,1,0.0,0.523249049764067,0.17441634992135568
nsfnet,12,lbcd_fixed_placement,0,1.7856697735650957,0.0,0.125540983728341,1.5864991140971927,0.0,3.279345727658036,3.279345727658036,0.18918644976526522,0.880925071816708,0.0156279579969123,3,0.0,0.8096737792432978,0.14353868209472675
nsfnet,12,lbcd_fixed_placement,1,1.7856697735650957,0.0,0.125540983728341,2.0644587003983945,0.0,3.279345727658036,3.279345727658036,0.18918644976526522,0.880925071816708,0.009494707977864891,3,0.0,0.8096737792432978,0.14353868209472675
nsfnet,13,global_vcfr_fixed_placement,0,1.6280399299180648,0.0,0.024600155943450108,1.588951475826166,0.0,4.159488720755667,4.159488720755667,0.13625922703820148,0.32548498351782285,0.006272625003475696,1,0.0,0.6534030490915678,0.21148538190273383
nsfnet,13,global_vcfr_fixed_placement,1,1.6280399299180648,0.0,0.024600155943450108,2.0686510099612763,0.0,4.159488720755667,4.159488720755667,0.13625922703820148,0.32548498351782285,0.004290083976229653,1,0.0,0.6534030490915678,0.21148538190273383
nsfnet,13,lbcd_fixed_placement,0,1.7508312442461442,0.0,0.1018783587055796,1.588951475826166,0.0,4.159488720755667,4.159488720755667,0.22699648854024226,0.8567954535772797,0.007881916011683643,3,0.0,0.7874958213026467,0.14731812240084804
nsfnet,13,lbcd_fixed_placement,1,1.7508312442461442,0.0,0.1018783587055796,2.0686510099612763,0.0,4.159488720755667,4.159488720755667,0.22699648854024226,0.8567954535772797,0.00894299999345094,3,0.0,0.7874958213026467,0.14731812240084804
nsfnet,14,global_vcfr_fixed_placement,0,1.6064641214151871,0.0,0.011674358732349122,1.5879261024546705,0.0,3.7344050249198895,3.7344050249198895,0.10104090869001044,0.3283837555107342,0.003746166010387242,1,0.0,0.5918522908693775,0.17255865574597298
nsfnet,14,global_vcfr_fixed_placement,1,1.6064641214151871,0.0,0.011674358732349122,2.068012189096549,0.0,3.7344050249198895,3.7344050249198895,0.10104090869001044,0.3283837555107342,0.004044417000841349,1,0.0,0.5918522908693775,0.17255865574597298
nsfnet,14,lbcd_fixed_placement,0,1.7518194182139872,0.0,0.10321218065876292,1.5879261024546705,0.0,3.7344050249198895,3.7344050249198895,0.20468160968443602,0.8586501730650872,0.0075189170020166785,3,0.0,0.7892005267142345,0.1386417629973511
nsfnet,14,lbcd_fixed_placement,1,1.7518194182139872,0.0,0.10321218065876292,2.068012189096549,0.0,3.7344050249198895,3.7344050249198895,0.20468160968443602,0.8586501730650872,0.006817791989305988,3,0.0,0.7892005267142345,0.1386417629973511
nsfnet,15,global_vcfr_fixed_placement,0,1.5992149510215758,0.0,0.007748299732420749,1.586919026751226,0.0,4.039978127613911,4.039978127613911,0.0907615903210313,0.2777578914886248,0.004123250022530556,1,0.0,0.541571335128476,0.17375570556441824
nsfnet,15,global_vcfr_fixed_placement,1,1.5992149510215758,0.0,0.007748299732420749,2.065881568251691,0.0,4.039978127613911,4.039978127613911,0.0907615903210313,0.2777578914886248,0.0035868340055458248,1,0.0,0.541571335128476,0.17375570556441824
nsfnet,15,lbcd_fixed_placement,0,1.7111399199035306,0.0,0.07827802871997336,1.586919026751226,0.0,4.039978127613911,4.039978127613911,0.2010454085133248,0.8181729781261682,0.007695499982219189,3,0.0,0.751997222542434,0.170105350165774
nsfnet,15,lbcd_fixed_placement,1,1.7111399199035306,0.0,0.07827802871997336,2.065881568251691,0.0,4.039978127613911,4.039978127613911,0.2010454085133248,0.8181729781261682,0.008855167019646615,3,0.0,0.751997222542434,0.170105350165774
nsfnet,16,global_vcfr_fixed_placement,0,1.6022678727751811,0.0,0.009271592882843516,1.5875487669265775,0.0,3.84985035130072,3.84985035130072,0.09906506948900896,0.31278097358692725,0.004081916005816311,1,0.0,0.581158272704543,0.17348407557210063
nsfnet,16,global_vcfr_fixed_placement,1,1.6022678727751811,0.0,0.009271592882843516,2.0687682751617733,0.0,3.84985035130072,3.84985035130072,0.09906506948900896,0.31278097358692725,0.00523224999778904,1,0.0,0.581158272704543,0.17348407557210063
nsfnet,16,lbcd_fixed_placement,0,2.084791311172346,0.0,0.31321402819543476,1.5875487669265775,0.0,3.84985035130072,3.84985035130072,0.33878683091446354,1.0880000000000005,0.008963959000539035,4,0.0,1.0000000000000002,0.14733678703629272
nsfnet,16,lbcd_fixed_placement,1,2.084791311172346,0.0,0.31321402819543476,2.0687682751617733,0.0,3.84985035130072,3.84985035130072,0.33878683091446354,1.0880000000000005,0.008445750019745901,4,0.0,1.0000000000000002,0.14733678703629272
nsfnet,17,global_vcfr_fixed_placement,0,1.5917448743478362,0.0,0.004762545178808697,1.5842000500372626,0.0,3.2304437521858285,3.2304437521858285,0.08033008680968597,0.3572507742458359,0.003932542022084817,1,0.0,0.5569877083137116,0.16033718911280573
nsfnet,17,global_vcfr_fixed_placement,1,1.5917448743478362,0.0,0.004762545178808697,2.064237511072686,0.0,3.2304437521858285,3.2304437521858285,0.08033008680968597,0.3572507742458359,0.003712125006131828,1,0.0,0.5569877083137116,0.16033718911280573
nsfnet,17,lbcd_fixed_placement,0,2.083837142354386,0.0,0.3153876256381707,1.5842000500372626,0.0,3.2304437521858285,3.2304437521858285,0.28427905019235294,1.088,0.008981540973763913,4,0.0,1.0,0.16033718911280573
nsfnet,17,lbcd_fixed_placement,1,2.083837142354386,0.0,0.3153876256381707,2.064237511072686,0.0,3.2304437521858285,3.2304437521858285,0.28427905019235294,1.088,0.008896833984181285,4,0.0,1.0,0.16033718911280573
nsfnet,18,global_vcfr_fixed_placement,0,1.6070503926802924,0.0,0.013524281773157565,1.5856062075481434,0.0,3.6169804515025974,3.6169804515025974,0.1013533464829494,0.3607856517280246,0.004120041005080566,1,0.0,0.629804367511047,0.17008638275331114
nsfnet,18,global_vcfr_fixed_placement,1,1.6070503926802924,0.0,0.013524281773157565,2.062681314030045,0.0,3.6169804515025974,3.6169804515025974,0.1013533464829494,0.3607856517280246,0.003594084002543241,1,0.0,0.629804367511047,0.17008638275331114
nsfnet,18,lbcd_fixed_placement,0,1.7545529140946108,0.0,0.1065502302792527,1.5856062075481434,0.0,3.6169804515025974,3.6169804515025974,0.19671278795655162,0.8553242303985182,0.008899290987756103,3,0.0,0.7861435941162851,0.17008638275331114
nsfnet,18,lbcd_fixed_placement,1,1.7545529140946108,0.0,0.1065502302792527,2.062681314030045,0.0,3.6169804515025974,3.6169804515025974,0.19671278795655162,0.8553242303985182,0.009491125005297363,3,0.0,0.7861435941162851,0.17008638275331114
nsfnet,19,global_vcfr_fixed_placement,0,1.6482212049554703,0.0,0.038841078615867275,1.5865961010624743,0.0,3.988758776901288,3.988758776901288,0.1519170469361206,0.3544420503075275,0.003940583002986386,1,0.0,0.6823281076578369,0.15692694798064324
nsfnet,19,global_vcfr_fixed_placement,1,1.6482212049554703,0.0,0.038841078615867275,2.0653621715739363,0.0,3.988758776901288,3.988758776901288,0.1519170469361206,0.3544420503075275,0.004664458014303818,1,0.0,0.6823281076578369,0.15692694798064324
nsfnet,19,lbcd_fixed_placement,0,2.086055990025497,0.0,0.3147996447416934,1.5865961010624743,0.0,3.988758776901288,3.988758776901288,0.3510107723673134,1.088,0.008571707992814481,4,0.0,1.0,0.15692694798064324
nsfnet,19,lbcd_fixed_placement,1,2.086055990025497,0.0,0.3147996447416934,2.0653621715739363,0.0,3.988758776901288,3.988758776901288,0.3510107723673134,1.088,0.00735062500461936,4,0.0,1.0,0.15692694798064324
nsfnet,20,global_vcfr_fixed_placement,0,1.5906182648788938,0.0,0.0034362996237788934,1.585171141880425,0.0,3.875293566297155,3.875293566297155,0.0865173398060763,0.31550538769355163,0.003861332981614396,1,0.0,0.5900945941413659,0.19669819804712196
nsfnet,20,global_vcfr_fixed_placement,1,1.5906182648788938,0.0,0.0034362996237788934,2.0631652423644375,0.0,3.875293566297155,3.875293566297155,0.0865173398060763,0.31550538769355163,0.005543999985093251,1,0.0,0.5900945941413659,0.19669819804712196
nsfnet,20,lbcd_fixed_placement,0,1.773891235455311,0.0,0.11905345018520519,1.585171141880425,0.0,3.875293566297155,3.875293566297155,0.21872501645228754,0.8713336463828351,0.00699208298465237,3,0.0,0.8008581308665763,0.1911929212502579
nsfnet,20,lbcd_fixed_placement,1,1.773891235455311,0.0,0.11905345018520519,2.0631652423644375,0.0,3.875293566297155,3.875293566297155,0.21872501645228754,0.8713336463828351,0.0072210420039482415,3,0.0,0.8008581308665763,0.1911929212502579
geant,0,global_vcfr_fixed_placement,0,1.6064267857142858,0.0,0.006977434705732755,1.5952957140332833,0.0,4.0,4.0,0.08800000000000001,0.544,0.0032400829950347543,1,0.0,0.5,0.21428571428571427
geant,0,global_vcfr_fixed_placement,1,1.6064267857142858,0.0,0.006977434705732755,2.02935746016085,0.0,4.0,4.0,0.08800000000000001,0.544,0.003042250027647242,1,0.0,0.5,0.21428571428571427
geant,0,lbcd_fixed_placement,0,1.7178803571428571,0.0,0.07684132918507691,1.5952957140332833,0.0,4.0,4.0,0.198,0.8160000000000001,0.02084291700157337,3,0.0,0.75,0.14285714285714285
geant,0,lbcd_fixed_placement,1,1.7178803571428571,0.0,0.07684132918507691,2.02935746016085,0.0,4.0,4.0,0.198,0.8160000000000001,0.020736916980240494,3,0.0,0.75,0.14285714285714285
geant,1,global_vcfr_fixed_placement,0,1.6083107548984024,0.0,0.009260866640261378,1.5935530724106288,0.0,3.844280555120821,3.844280555120821,0.10008440759073822,0.3141606142692653,0.0031334999948740005,1,0.0,0.582877191418991,0.20982757745500993
geant,1,global_vcfr_fixed_placement,1,1.6083107548984024,0.0,0.009260866640261378,2.0307936310163632,0.0,3.844280555120821,3.844280555120821,0.10008440759073822,0.3141606142692653,0.0031868749938439578,1,0.0,0.582877191418991,0.20982757745500993
geant,1,lbcd_fixed_placement,0,1.8027713534480405,0.0,0.1312904381157003,1.5935530724106288,0.0,3.844280555120821,3.844280555120821,0.23121041097933082,0.8994638524732069,0.01835920801386237,3,0.0,0.8267130996996387,0.1321747676241629
geant,1,lbcd_fixed_placement,1,1.8027713534480405,0.0,0.1312904381157003,2.0307936310163632,0.0,3.844280555120821,3.844280555120821,0.23121041097933082,0.8994638524732069,0.024356958019779995,3,0.0,0.8267130996996387,0.1321747676241629
geant,2,global_vcfr_fixed_placement,0,1.6004005431801884,0.0,0.00822161784407327,1.587349958437113,0.0,3.7939286672124464,3.7939286672124464,0.09971515373035603,0.3629311309944141,0.003736207989277318,1,0.0,0.6645438330615556,0.15431195272514844
geant,2,global_vcfr_fixed_placement,1,1.6004005431801884,0.0,0.00822161784407327,2.0281834875299407,0.0,3.7939286672124464,3.7939286672124464,0.09971515373035603,0.3629311309944141,0.014042916998732835,1,0.0,0.6645438330615556,0.15431195272514844
geant,2,lbcd_fixed_placement,0,1.6868952978178426,0.0,0.06271165274653168,1.587349958437113,0.0,3.7939286672124464,3.7939286672124464,0.17479227966360156,0.7872344701077846,0.01724433299386874,3,0.0,0.7235610938490666,0.12289465523197962
geant,2,lbcd_fixed_placement,1,1.6868952978178426,0.0,0.06271165274653168,2.0281834875299407,0.0,3.7939286672124464,3.7939286672124464,0.17479227966360156,0.7872344701077846,0.01972137499251403,3,0.0,0.7235610938490666,0.12289465523197962
geant,3,global_vcfr_fixed_placement,0,1.6140827024276676,0.0,0.00864361060848795,1.6002507579995815,0.0,3.8350398116989006,3.8350398116989006,0.10223807670623497,0.3541306040085065,0.018096541985869408,1,0.0,0.6554560641474907,0.2370887176559322
geant,3,global_vcfr_fixed_placement,1,1.6140827024276676,0.0,0.00864361060848795,2.0258349978591226,0.0,3.8350398116989006,3.8350398116989006,0.10223807670623497,0.3541306040085065,0.004332125012297183,1,0.0,0.6554560641474907,0.2370887176559322
geant,3,lbcd_fixed_placement,0,1.7067470014622348,0.0,0.0665497222421445,1.6002507579995815,0.0,3.8350398116989006,3.8350398116989006,0.1809583618004643,0.7966947382793859,0.018667416996322572,3,0.0,0.7322561932714943,0.18727316118499734
geant,3,lbcd_fixed_placement,1,1.7067470014622348,0.0,0.0665497222421445,2.0258349978591226,0.0,3.8350398116989006,3.8350398116989006,0.1809583618004643,0.7966947382793859,0.024659791990416124,3,0.0,0.7322561932714943,0.18727316118499734
geant,4,global_vcfr_fixed_placement,0,1.636174157857163,0.0,0.02261438081810696,1.599991344291676,0.0,3.5334911144384584,3.5334911144384584,0.11889439160003874,0.3953850021411741,0.003396666987100616,1,0.0,0.6742709420116166,0.22210916190227717
geant,4,global_vcfr_fixed_placement,1,1.636174157857163,0.0,0.02261438081810696,2.034623980662151,0.0,3.5334911144384584,3.5334911144384584,0.11889439160003874,0.3953850021411741,0.003963208000641316,1,0.0,0.6742709420116166,0.22210916190227717
geant,4,lbcd_fixed_placement,0,1.7968077294872384,0.0,0.1230109062138045,1.599991344291676,0.0,3.5334911144384584,3.5334911144384584,0.20823203554723546,0.8903470616822192,0.015132166008697823,3,0.0,0.8183336963990985,0.14217558239927838
geant,4,lbcd_fixed_placement,1,1.7968077294872384,0.0,0.1230109062138045,2.034623980662151,0.0,3.5334911144384584,3.5334911144384584,0.20823203554723546,0.8903470616822192,0.015335208008764312,3,0.0,0.8183336963990985,0.14217558239927838
geant,5,global_vcfr_fixed_placement,0,1.5974755477620508,0.0,0.0024660294211682476,1.5935458168936116,0.0,3.8435237708027197,3.8435237708027197,0.08880745699071957,0.3046429141282957,0.003623541007982567,1,0.0,0.5651072789858669,0.21081796091750876
geant,5,global_vcfr_fixed_placement,1,1.5974755477620508,0.0,0.0024660294211682476,2.0316441059868815,0.0,3.8435237708027197,3.8435237708027197,0.08880745699071957,0.3046429141282957,0.0036660000041592866,1,0.0,0.5651072789858669,0.21081796091750876
geant,5,lbcd_fixed_placement,0,1.6765386196942786,0.0,0.05208058778156088,1.5935458168936116,0.0,3.8435237708027197,3.8435237708027197,0.16855889659161474,0.7680661287919059,0.026715624990174547,3,0.0,0.7059431330807958,0.1576861988667942
geant,5,lbcd_fixed_placement,1,1.6765386196942786,0.0,0.05208058778156088,2.0316441059868815,0.0,3.8435237708027197,3.8435237708027197,0.16855889659161474,0.7680661287919059,0.01747779198922217,3,0.0,0.7059431330807958,0.1576861988667942
geant,6,global_vcfr_fixed_placement,0,1.5972544321964666,0.0,0.006626439567090081,1.586739995507551,0.0,3.7461254383866227,3.7461254383866227,0.08282925059061634,0.34739158840816026,0.0037123329821042717,1,0.0,0.6280755146801855,0.1448255469255435
geant,6,global_vcfr_fixed_placement,1,1.5972544321964666,0.0,0.006626439567090081,2.0301044106280215,0.0,3.7461254383866227,3.7461254383866227,0.08282925059061634,0.34739158840816026,0.00365333299851045,1,0.0,0.6280755146801855,0.1448255469255435
geant,6,lbcd_fixed_placement,0,1.6771772594217744,0.0,0.05699564148522973,1.586739995507551,0.0,3.7461254383866227,3.7461254383866227,0.1676529147010038,0.7758932177052641,0.017575792007846758,3,0.0,0.7131371486261618,0.13412620973108844
geant,6,lbcd_fixed_placement,1,1.6771772594217744,0.0,0.05699564148522973,2.0301044106280215,0.0,3.7461254383866227,3.7461254383866227,0.1676529147010038,0.7758932177052641,0.01793958302005194,3,0.0,0.7131371486261618,0.13412620973108844
geant,7,global_vcfr_fixed_placement,0,1.6003183217283081,0.0,0.007109071432748859,1.589021851875129,0.0,3.5881383131455973,3.5881383131455973,0.08554274120136168,0.3354124110156512,0.003356958011863753,1,0.0,0.5808427232962339,0.14668745855261997
geant,7,global_vcfr_fixed_placement,1,1.6003183217283081,0.0,0.007109071432748859,2.029334548367642,0.0,3.5881383131455973,3.5881383131455973,0.08554274120136168,0.3354124110156512,0.004284124996047467,1,0.0,0.5808427232962339,0.14668745855261997
geant,7,lbcd_fixed_placement,0,1.6515171595892604,0.0,0.0393294199449703,1.589021851875129,0.0,3.5881383131455973,3.5881383131455973,0.1443966826192186,0.7357522170028682,0.015835083002457395,3,0.0,0.6762428465099891,0.1334002973281259
geant,7,lbcd_fixed_placement,1,1.6515171595892604,0.0,0.0393294199449703,2.029334548367642,0.0,3.5881383131455973,3.5881383131455973,0.1443966826192186,0.7357522170028682,0.015865458000916988,3,0.0,0.6762428465099891,0.1334002973281259
geant,8,global_vcfr_fixed_placement,0,1.6100447948180914,0.0,0.012415601598076531,1.5903002603640934,0.0,4.025847445081962,4.025847445081962,0.11065682006336917,0.297972258248364,0.0037403750175144523,1,0.0,0.578953115142123,0.17398985010477253
geant,8,global_vcfr_fixed_placement,1,1.6100447948180914,0.0,0.012415601598076531,2.0322377474370867,0.0,4.025847445081962,4.025847445081962,0.11065682006336917,0.297972258248364,0.003626874997280538,1,0.0,0.578953115142123,0.17398985010477253
geant,8,lbcd_fixed_placement,0,1.6927985330424378,0.0,0.06445215110187918,1.5903002603640934,0.0,4.025847445081962,4.025847445081962,0.18814037920352206,0.7928662104169907,0.017507958022179082,3,0.0,0.7287373257509105,0.16071202673971738
geant,8,lbcd_fixed_placement,1,1.6927985330424378,0.0,0.06445215110187918,2.0322377474370867,0.0,4.025847445081962,4.025847445081962,0.18814037920352206,0.7928662104169907,0.016110917000332847,3,0.0,0.7287373257509105,0.16071202673971738
geant,9,global_vcfr_fixed_placement,0,1.6029039590306113,0.0,0.009595137736390758,1.587670046256835,0.0,3.091762845554576,3.091762845554576,0.08307805673559833,0.6012119954530237,0.003034374996786937,1,0.0,0.5525845546443232,0.13889667960702393
geant,9,global_vcfr_fixed_placement,1,1.6029039590306113,0.0,0.009595137736390758,2.0310870916170254,0.0,3.091762845554576,3.091762845554576,0.08307805673559833,0.6012119954530237,0.0039377500070258975,1,0.0,0.5525845546443232,0.13889667960702393
geant,9,lbcd_fixed_placement,0,1.751980228636608,0.0,0.10349139153135645,1.587670046256835,0.0,3.091762845554576,3.091762845554576,0.1691793096463526,0.8579423311432921,0.05730779099394567,3,0.0,0.7885499367125846,0.09880731789128107
geant,9,lbcd_fixed_placement,1,1.751980228636608,0.0,0.10349139153135645,2.0310870916170254,0.0,3.091762845554576,3.091762845554576,0.1691793096463526,0.8579423311432921,0.04096824998850934,3,0.0,0.7885499367125846,0.09880731789128107
geant,10,global_vcfr_fixed_placement,0,1.6034432883563934,0.0,0.005915626334238366,1.5940136989417966,0.0,3.1836241143468444,3.1836241143468444,0.08378433875164097,0.5949878396348875,0.004493958986131474,1,0.0,0.5468638231938304,0.17866600755207998
geant,10,global_vcfr_fixed_placement,1,1.6034432883563934,0.0,0.005915626334238366,2.0300638229899852,0.0,3.1836241143468444,3.1836241143468444,0.08378433875164097,0.5949878396348875,0.005022708006436005,1,0.0,0.5468638231938304,0.17866600755207998
geant,10,lbcd_fixed_placement,0,1.650010028449964,0.0,0.035129139445502444,1.5940136989417966,0.0,3.1836241143468444,3.1836241143468444,0.12480848764174099,0.7261874294022942,0.019207125005777925,3,0.0,0.6674516814359321,0.12656608378526038
geant,10,lbcd_fixed_placement,1,1.650010028449964,0.0,0.035129139445502444,2.0300638229899852,0.0,3.1836241143468444,3.1836241143468444,0.12480848764174099,0.7261874294022942,0.02197891700780019,3,0.0,0.6674516814359321,0.12656608378526038
geant,11,global_vcfr_fixed_placement,0,1.6083745512430123,0.0,0.007817591868407803,1.5958984683540036,0.0,3.636498285586762,3.636498285586762,0.08969528387527075,0.3293595305862916,0.00407391699263826,1,0.0,0.5780479576827751,0.1890803197877974
geant,11,global_vcfr_fixed_placement,1,1.6083745512430123,0.0,0.007817591868407803,2.028489429782654,0.0,3.636498285586762,3.636498285586762,0.08969528387527075,0.3293595305862916,0.003441959008341655,1,0.0,0.5780479576827751,0.1890803197877974
geant,11,lbcd_fixed_placement,0,1.6616761625261374,0.0,0.041216716148600785,1.5958984683540036,0.0,3.636498285586762,3.636498285586762,0.14888246832052446,0.7421089099634314,0.017048832989530638,3,0.0,0.6820853951869773,0.13751723328453866
geant,11,lbcd_fixed_placement,1,1.6616761625261374,0.0,0.041216716148600785,2.028489429782654,0.0,3.636498285586762,3.636498285586762,0.14888246832052446,0.7421089099634314,0.017483500007074326,3,0.0,0.6820853951869773,0.13751723328453866
geant,12,global_vcfr_fixed_placement,0,1.6046895047607204,0.0,0.002636707585220943,1.6004695345989284,0.0,3.279345727658036,3.279345727658036,0.07489676826357147,0.33060620048908806,0.003644083015387878,1,0.0,0.523249049764067,0.18595568871781779
geant,12,global_vcfr_fixed_placement,1,1.6046895047607204,0.0,0.002636707585220943,2.030318874715837,0.0,3.279345727658036,3.279345727658036,0.07489676826357147,0.33060620048908806,0.004302999994251877,1,0.0,0.523249049764067,0.18595568871781779
geant,12,lbcd_fixed_placement,0,1.7880921802892924,0.0,0.11722975141628145,1.6004695345989284,0.0,3.279345727658036,3.279345727658036,0.18918644976526522,0.880925071816708,0.018546000006608665,3,0.0,0.8096737792432978,0.14949972850401916
geant,12,lbcd_fixed_placement,1,1.7880921802892924,0.0,0.11722975141628145,2.030318874715837,0.0,3.279345727658036,3.279345727658036,0.18918644976526522,0.880925071816708,0.01867220798158087,3,0.0,0.8096737792432978,0.14949972850401916
geant,13,global_vcfr_fixed_placement,0,1.6362163985442653,0.0,0.024114923660810028,1.5976882679293765,0.0,4.159488720755667,4.159488720755667,0.13625922703820148,0.32548498351782285,0.004166667000390589,1,0.0,0.6534030490915678,0.21961596907095088
geant,13,global_vcfr_fixed_placement,1,1.6362163985442653,0.0,0.024114923660810028,2.0321734125388367,0.0,4.159488720755667,4.159488720755667,0.13625922703820148,0.32548498351782285,0.003491084004053846,1,0.0,0.6534030490915678,0.21961596907095088
geant,13,lbcd_fixed_placement,0,1.6782013005438696,0.0,0.05039345548855967,1.5976882679293765,0.0,4.159488720755667,4.159488720755667,0.1814363706589548,0.766001744633769,0.019347290974110365,3,0.0,0.7040457211707435,0.18127318448805757
geant,13,lbcd_fixed_placement,1,1.6782013005438696,0.0,0.05039345548855967,2.0321734125388367,0.0,4.159488720755667,4.159488720755667,0.1814363706589548,0.766001744633769,0.01952600001823157,3,0.0,0.7040457211707435,0.18127318448805757
geant,14,global_vcfr_fixed_placement,0,1.6142317908813493,0.0,0.012049565202127521,1.5950125827670836,0.0,3.7344050249198895,3.7344050249198895,0.10104090869001044,0.3283837555107342,0.0032201250141952187,1,0.0,0.5918522908693775,0.19700898616545806
geant,14,global_vcfr_fixed_placement,1,1.6142317908813493,0.0,0.012049565202127521,2.032709574155052,0.0,3.7344050249198895,3.7344050249198895,0.10104090869001044,0.3283837555107342,0.0033634169958531857,1,0.0,0.5918522908693775,0.19700898616545806
geant,14,lbcd_fixed_placement,0,1.7292867858349525,0.0,0.08418378921809211,1.5950125827670836,0.0,3.7344050249198895,3.7344050249198895,0.19105568505024256,0.829577247768308,0.0188520000083372,3,0.0,0.7624790880223419,0.147907419210834
geant,14,lbcd_fixed_placement,1,1.7292867858349525,0.0,0.08418378921809211,2.032709574155052,0.0,3.7344050249198895,3.7344050249198895,0.19105568505024256,0.829577247768308,0.02128320897463709,3,0.0,0.7624790880223419,0.147907419210834
geant,15,global_vcfr_fixed_placement,0,1.6068528715663941,0.0,0.007193399040324344,1.595376690412624,0.0,4.039978127613911,4.039978127613911,0.0907615903210313,0.2777578914886248,0.0033530829823575914,1,0.0,0.541571335128476,0.22049959023493468
geant,15,global_vcfr_fixed_placement,1,1.6068528715663941,0.0,0.007193399040324344,2.0299506001538896,0.0,4.039978127613911,4.039978127613911,0.0907615903210313,0.2777578914886248,0.0032655830145813525,1,0.0,0.541571335128476,0.22049959023493468
geant,15,lbcd_fixed_placement,0,1.7416948186513308,0.0,0.09171384358189627,1.595376690412624,0.0,4.039978127613911,4.039978127613911,0.212636995438698,0.8414289804612466,0.018932542006950825,3,0.0,0.7733722246886457,0.14313225664515242
geant,15,lbcd_fixed_placement,1,1.7416948186513308,0.0,0.09171384358189627,2.0299506001538896,0.0,4.039978127613911,4.039978127613911,0.212636995438698,0.8414289804612466,0.019194207998225465,3,0.0,0.7733722246886457,0.14313225664515242
geant,16,global_vcfr_fixed_placement,0,1.6055001358689691,0.0,0.010051173920444967,1.5895235581355045,0.0,3.84985035130072,3.84985035130072,0.09906506948900896,0.31278097358692725,0.0030152919935062528,1,0.0,0.581158272704543,0.168004325061986
geant,16,global_vcfr_fixed_placement,1,1.6055001358689691,0.0,0.010051173920444967,2.032777070931997,0.0,3.84985035130072,3.84985035130072,0.09906506948900896,0.31278097358692725,0.005025624996051192,1,0.0,0.581158272704543,0.168004325061986
geant,16,lbcd_fixed_placement,0,1.7174718428222158,0.0,0.08049473946570096,1.5895235581355045,0.0,3.84985035130072,3.84985035130072,0.1933848335041429,0.8220095073407986,0.014114457997493446,3,0.0,0.7555234442470574,0.14870063620465768
geant,16,lbcd_fixed_placement,1,1.7174718428222158,0.0,0.08049473946570096,2.032777070931997,0.0,3.84985035130072,3.84985035130072,0.1933848335041429,0.8220095073407986,0.013661458011483774,3,0.0,0.7555234442470574,0.14870063620465768
geant,17,global_vcfr_fixed_placement,0,1.5966350415391628,0.0,0.0040445787561560476,1.5902033388966927,0.0,3.2304437521858285,3.2304437521858285,0.08033008680968597,0.3572507742458359,0.0033419580140616745,1,0.0,0.5569877083137116,0.15117630968274323
geant,17,global_vcfr_fixed_placement,1,1.5966350415391628,0.0,0.0040445787561560476,2.02828294797254,0.0,3.2304437521858285,3.2304437521858285,0.08033008680968597,0.3572507742458359,0.002880832995288074,1,0.0,0.5569877083137116,0.15117630968274323
geant,17,lbcd_fixed_placement,0,1.7477084746970708,0.0,0.09904716708094541,1.5902033388966927,0.0,3.2304437521858285,3.2304437521858285,0.17399426318402406,0.8511849420933221,0.01675404200796038,3,0.0,0.7823391011887151,0.11572440753232081
geant,17,lbcd_fixed_placement,1,1.7477084746970708,0.0,0.09904716708094541,2.02828294797254,0.0,3.2304437521858285,3.2304437521858285,0.17399426318402406,0.8511849420933221,0.017333833005977795,3,0.0,0.7823391011887151,0.11572440753232081
geant,18,global_vcfr_fixed_placement,0,1.6181453728443957,0.0,0.010854070394511472,1.6007704971825196,0.0,3.6169804515025974,3.6169804515025974,0.1013533464829494,0.3607856517280246,0.0036945829924661666,1,0.0,0.629804367511047,0.23519513639672782
geant,18,global_vcfr_fixed_placement,1,1.6181453728443957,0.0,0.010854070394511472,2.0270612379126494,0.0,3.6169804515025974,3.6169804515025974,0.1013533464829494,0.3607856517280246,0.0032806670060381293,1,0.0,0.629804367511047,0.23519513639672782
geant,18,lbcd_fixed_placement,0,1.7527607366864224,0.0,0.09494817637594988,1.6007704971825196,0.0,3.6169804515025974,3.6169804515025974,0.19273241607240588,0.8466265064114389,0.03087716700974852,3,0.0,0.7781493625105136,0.17994410500315627
geant,18,lbcd_fixed_placement,1,1.7527607366864224,0.0,0.09494817637594988,2.0270612379126494,0.0,3.6169804515025974,3.6169804515025974,0.19273241607240588,0.8466265064114389,0.021560249995673075,3,0.0,0.7781493625105136,0.17994410500315627
geant,19,global_vcfr_fixed_placement,0,1.6462478422638918,0.0,0.031299015854114876,1.5962856717171212,0.0,3.988758776901288,3.988758776901288,0.1519170469361206,0.3544420503075275,0.003618459013523534,1,0.0,0.6823281076578369,0.15040252865239778
geant,19,global_vcfr_fixed_placement,1,1.6462478422638918,0.0,0.031299015854114876,2.0270790315210023,0.0,3.988758776901288,3.988758776901288,0.1519170469361206,0.3544420503075275,0.005733124999096617,1,0.0,0.6823281076578369,0.15040252865239778
geant,19,lbcd_fixed_placement,0,1.6462478422638918,0.0,0.031299015854114876,1.5962856717171212,0.0,3.988758776901288,3.988758776901288,0.1519170469361206,0.3544420503075275,0.026521457999479026,3,0.0,0.6823281076578369,0.15040252865239778
geant,19,lbcd_fixed_placement,1,1.6462478422638918,0.0,0.031299015854114876,2.0270790315210023,0.0,3.988758776901288,3.988758776901288,0.1519170469361206,0.3544420503075275,0.022540416015544906,3,0.0,0.6823281076578369,0.15040252865239778
geant,20,global_vcfr_fixed_placement,0,1.6009287786308655,0.0,0.0029559017433318235,1.5962105371214634,0.0,3.875293566297155,3.875293566297155,0.0865173398060763,0.31550538769355163,0.005318166018696502,1,0.0,0.5900945941413659,0.19722626425548515
geant,20,global_vcfr_fixed_placement,1,1.6009287786308655,0.0,0.0029559017433318235,2.027176367480918,0.0,3.875293566297155,3.875293566297155,0.0865173398060763,0.31550538769355163,0.00491150000016205,1,0.0,0.5900945941413659,0.19722626425548515
geant,20,lbcd_fixed_placement,0,1.7741584613403927,0.0,0.11148148698468852,1.5962105371214634,0.0,3.875293566297155,3.875293566297155,0.21872501645228754,0.8713336463828351,0.01949758399860002,3,0.0,0.8008581308665763,0.16859845546896168
geant,20,lbcd_fixed_placement,1,1.7741584613403927,0.0,0.11148148698468852,2.027176367480918,0.0,3.875293566297155,3.875293566297155,0.21872501645228754,0.8713336463828351,0.02039366599638015,3,0.0,0.8008581308665763,0.16859845546896168
edge_fog,0,global_vcfr_fixed_placement,0,1.6060077777777777,0.0,0.018106700624622052,1.5774454453472022,0.0,5.0,5.0,0.15839999999999999,0.6528,0.004273583006579429,1,0.0,0.6,0.3333333333333333
edge_fog,0,global_vcfr_fixed_placement,1,1.6060077777777777,0.0,0.018106700624622052,2.062969658904559,0.0,5.0,5.0,0.15839999999999999,0.6528,0.005235291988356039,1,0.0,0.6,0.3333333333333333
edge_fog,0,lbcd_fixed_placement,0,2.080385555555556,0.0,0.3188320152001545,1.5774454453472022,0.0,5.0,5.0,0.44000000000000006,1.088,0.01719624997349456,5,0.0,1.0,0.25
edge_fog,0,lbcd_fixed_placement,1,2.080385555555556,0.0,0.3188320152001545,2.062969658904559,0.0,5.0,5.0,0.44000000000000006,1.088,0.017701792006846517,5,0.0,1.0,0.25
edge_fog,1,global_vcfr_fixed_placement,0,1.585850135977072,0.0,0.00608734151151924,1.5762549338852951,0.0,4.853331352227805,4.853331352227805,0.13783539355755364,0.24884382560563764,0.005416833009803668,1,0.0,0.582877191418991,0.22368875462465068
edge_fog,1,global_vcfr_fixed_placement,1,1.585850135977072,0.0,0.00608734151151924,2.061859745163815,0.0,4.853331352227805,4.853331352227805,0.13783539355755364,0.24884382560563764,0.0053743330063298345,1,0.0,0.582877191418991,0.22368875462465068
edge_fog,1,lbcd_fixed_placement,0,2.079326673302734,0.0,0.31915632972987584,1.5762549338852951,0.0,4.853331352227805,4.853331352227805,0.4270931589960469,1.088,0.01520145800895989,5,0.0,1.0,0.25877007765381893
edge_fog,1,lbcd_fixed_placement,1,2.079326673302734,0.0,0.31915632972987584,2.061859745163815,0.0,4.853331352227805,4.853331352227805,0.4270931589960469,1.088,0.01606745898607187,5,0.0,1.0,0.25877007765381893
edge_fog,2,global_vcfr_fixed_placement,0,1.5923610731240467,0.0,0.01063347341646037,1.5756068990482257,0.0,4.870924913438164,4.870924913438164,0.1434585188099977,0.282684468878751,0.004634292010450736,1,0.0,0.6645438330615556,0.3265742546354244
edge_fog,2,global_vcfr_fixed_placement,1,1.611971515686713,0.012315324013913775,0.023079752100891415,2.062671584157903,0.2728614564466708,4.870924913438164,4.870924913438164,0.365558050694248,0.6973923901042641,0.006423042010283098,1,0.0,0.6409856526693604,0.2855555539734055
edge_fog,2,lbcd_fixed_placement,0,2.0784573206173205,0.0,0.3191471310977698,1.5756068990482257,0.0,4.870924913438164,4.870924913438164,0.42864139238255844,1.088,0.016253666020929813,5,0.0,1.0,0.2855555539734055
edge_fog,2,lbcd_fixed_placement,1,2.0784573206173205,0.0,0.3191471310977698,2.062671584157903,0.0,4.870924913438164,4.870924913438164,0.42864139238255844,1.088,0.01681395899504423,5,0.0,1.0,0.2855555539734055
edge_fog,3,global_vcfr_fixed_placement,0,1.597365628114391,0.0,0.012397731601112572,1.5778044322443796,0.0,4.914553238601906,4.914553238601906,0.1828452307759098,0.27634352482870955,0.007249791990034282,1,0.0,0.6554560641474907,0.3703368226231048
edge_fog,3,global_vcfr_fixed_placement,1,1.607988260956304,0.006650094790416006,0.019130272481862054,2.0629430950955383,0.26674085408176595,4.914553238601906,4.914553238601906,0.3524712112933692,0.6946171082550454,0.0050123329856432974,1,0.0,0.6384348421461814,0.2654862509954705
edge_fog,3,lbcd_fixed_placement,0,2.080990428795463,0.0,0.3189153143874215,1.5778044322443796,0.0,4.914553238601906,4.914553238601906,0.4324806849969678,1.088,0.018646832992089912,5,0.0,1.0,0.23803705369992487
edge_fog,3,lbcd_fixed_placement,1,2.080990428795463,0.0,0.3189153143874215,2.0629430950955383,0.0,4.914553238601906,4.914553238601906,0.4324806849969678,1.088,0.01655099997879006,5,0.0,1.0,0.23803705369992487
edge_fog,4,global_vcfr_fixed_placement,0,1.6147504224342657,0.0,0.023094319359877824,1.5783006433312727,0.0,4.641044470495807,4.641044470495807,0.15853889184323744,0.30102908962189223,0.0047604580176994205,1,0.0,0.6742709420116166,0.27265659054125013
edge_fog,4,global_vcfr_fixed_placement,1,1.6238417010533315,0.005630144753490995,0.02885448847434824,2.0634369201527067,0.2905686193261508,4.641044470495807,4.641044470495807,0.39497870497086995,0.7262668013470074,0.006640042003709823,1,0.0,0.6675246335909993,0.2927389678717404
edge_fog,4,lbcd_fixed_placement,0,2.0817955564030277,0.0,0.3190107760515406,1.5783006433312727,0.0,4.641044470495807,4.641044470495807,0.40841191340363103,1.088,0.018683332978980616,5,0.0,1.0,0.29697071634482763
edge_fog,4,lbcd_fixed_placement,1,2.0817955564030277,0.0,0.3190107760515406,2.0634369201527067,0.0,4.641044470495807,4.641044470495807,0.40841191340363103,1.088,0.02352812499157153,5,0.0,1.0,0.29697071634482763
edge_fog,5,global_vcfr_fixed_placement,0,1.590459090801559,0.0,0.007790950093940152,1.5781636962043628,0.0,4.649433858722124,4.649433858722124,0.142070265341855,0.2518376038110871,0.016684999980498105,1,0.0,0.5651072789858669,0.31751532271440625
edge_fog,5,global_vcfr_fixed_placement,1,1.590459090801559,0.0,0.007790950093940152,2.063974793942853,0.0,4.649433858722124,4.649433858722124,0.142070265341855,0.2518376038110871,0.013284875021781772,1,0.0,0.5651072789858669,0.31751532271440625
edge_fog,5,lbcd_fixed_placement,0,2.080759228330531,0.0,0.3184685678266199,1.5781636962043628,0.0,4.649433858722124,4.649433858722124,0.40915017956754696,1.088,0.01784258399857208,5,0.0,1.0,0.26270845282508876
edge_fog,5,lbcd_fixed_placement,1,2.080759228330531,0.0,0.3184685678266199,2.063974793942853,0.0,4.649433858722124,4.649433858722124,0.40915017956754696,1.088,0.017812584002967924,5,0.0,1.0,0.26270845282508876
edge_fog,6,global_vcfr_fixed_placement,0,1.594970887454593,0.0,0.012005820832162062,1.5760491240485799,0.0,4.684235497868129,4.684235497868129,0.13407712931318844,0.27781960727841715,0.016269207990262657,1,0.0,0.6280755146801855,0.308297165165986
edge_fog,6,global_vcfr_fixed_placement,1,1.594970887454593,0.0,0.012005820832162062,2.063106903841133,0.0,4.684235497868129,4.684235497868129,0.13407712931318844,0.27781960727841715,0.019338790996698663,1,0.0,0.6280755146801855,0.308297165165986
edge_fog,6,lbcd_fixed_placement,0,2.078710512542232,0.0,0.31893764021923854,1.5760491240485799,0.0,4.684235497868129,4.684235497868129,0.4122127238123954,1.088,0.02402591600548476,5,0.0,1.0,0.283783289923307
edge_fog,6,lbcd_fixed_placement,1,2.078710512542232,0.0,0.31893764021923854,2.063106903841133,0.0,4.684235497868129,4.684235497868129,0.4122127238123954,1.088,0.016218000004300848,5,0.0,1.0,0.283783289923307
edge_fog,7,global_vcfr_fixed_placement,0,1.5959794538013874,0.0,0.01203143524908934,1.5770058105048606,0.0,4.294990272949355,4.294990272949355,0.14534795330602715,0.2802116061239303,0.005020415992476046,1,0.0,0.5808427232962339,0.3086729754046988
edge_fog,7,global_vcfr_fixed_placement,1,1.5959794538013874,0.0,0.01203143524908934,2.0636122300309085,0.0,4.294990272949355,4.294990272949355,0.14534795330602715,0.2802116061239303,0.010762707999674603,1,0.0,0.5808427232962339,0.3086729754046988
edge_fog,7,lbcd_fixed_placement,0,2.079251747091794,0.0,0.3184807140476833,1.5770058105048606,0.0,4.294990272949355,4.294990272949355,0.3779591440195433,1.088,0.01623775000916794,5,0.0,1.0,0.2808376826557565
edge_fog,7,lbcd_fixed_placement,1,2.079251747091794,0.0,0.3184807140476833,2.0636122300309085,0.0,4.294990272949355,4.294990272949355,0.3779591440195433,1.088,0.015545083006145433,5,0.0,1.0,0.2808376826557565
edge_fog,8,global_vcfr_fixed_placement,0,1.5957674732461902,0.0,0.011767739951964895,1.5772073077976885,0.0,5.141481340702116,5.141481340702116,0.1473163889436225,0.23331619334646148,0.005631209001876414,1,0.0,0.578953115142123,0.3282278349462528
edge_fog,8,global_vcfr_fixed_placement,1,1.5957674732461902,0.0,0.011767739951964895,2.0636373077945827,0.0,5.141481340702116,5.141481340702116,0.1473163889436225,0.23331619334646148,0.006050249998224899,1,0.0,0.578953115142123,0.3282278349462528
edge_fog,8,lbcd_fixed_placement,0,2.080173716247145,0.0,0.31889682856704904,1.5772073077976885,0.0,5.141481340702116,5.141481340702116,0.45245035798178623,1.088,0.01390962500590831,5,0.0,1.0,0.28243116846037947
edge_fog,8,lbcd_fixed_placement,1,2.080173716247145,0.0,0.31889682856704904,2.0636373077945827,0.0,5.141481340702116,5.141481340702116,0.45245035798178623,1.088,0.013385916012339294,5,0.0,1.0,0.28243116846037947
edge_fog,9,global_vcfr_fixed_placement,0,1.58498958220001,0.0,0.006430453797328095,1.5748625016460307,0.0,4.036732512686548,4.036732512686548,0.10610905568182388,0.2825534334471229,0.004829000012250617,1,0.0,0.5504790691926718,0.2119743986355115
edge_fog,9,global_vcfr_fixed_placement,1,1.58498958220001,0.0,0.006430453797328095,2.062060753328389,0.0,4.036732512686548,4.036732512686548,0.10610905568182388,0.2825534334471229,0.004920042003504932,1,0.0,0.5504790691926718,0.2119743986355115
edge_fog,9,lbcd_fixed_placement,0,2.0779263734352935,0.0,0.31943351960153055,1.5748625016460307,0.0,4.036732512686548,4.036732512686548,0.35523246111641615,1.0879999999999999,0.014615749998483807,5,0.0,0.9999999999999998,0.21829069461497363
edge_fog,9,lbcd_fixed_placement,1,2.0779263734352935,0.0,0.31943351960153055,2.062060753328389,0.0,4.036732512686548,4.036732512686548,0.35523246111641615,1.0879999999999999,0.01572008299990557,5,0.0,0.9999999999999998,0.21829069461497363
edge_fog,10,global_vcfr_fixed_placement,0,1.5915017323900136,0.0,0.008658743742075536,1.577839623424686,0.0,3.949223710372674,3.949223710372674,0.15034715983968178,0.5854081665995378,0.005680834001395851,1,0.0,0.5380589766539868,0.30103468509111914
edge_fog,10,global_vcfr_fixed_placement,1,1.5915017323900136,0.0,0.008658743742075536,2.064169514321148,0.0,3.949223710372674,3.949223710372674,0.15034715983968178,0.5854081665995378,0.005729583004722372,1,0.0,0.5380589766539868,0.30103468509111914
edge_fog,10,lbcd_fixed_placement,0,2.080535385103166,0.0,0.31859750142881027,1.577839623424686,0.0,3.949223710372674,3.949223710372674,0.34753168651279553,1.0880000000000005,0.015632166992872953,5,0.0,1.0000000000000002,0.23330980841248758
edge_fog,10,lbcd_fixed_placement,1,2.080535385103166,0.0,0.31859750142881027,2.064169514321148,0.0,3.949223710372674,3.949223710372674,0.34753168651279553,1.0880000000000005,0.021195707988226786,5,0.0,1.0000000000000002,0.23330980841248758
edge_fog,11,global_vcfr_fixed_placement,0,1.5889490739595302,0.0,0.0070053325793788535,1.5778953919633576,0.0,4.764720725828159,4.764720725828159,0.1831487397923721,0.25137157815488426,0.005081084003904834,1,0.0,0.5780479576827751,0.3649503195148403
edge_fog,11,global_vcfr_fixed_placement,1,1.5889490739595302,0.0,0.0070053325793788535,2.0640172754597397,0.0,4.764720725828159,4.764720725828159,0.1831487397923721,0.25137157815488426,0.005071249994216487,1,0.0,0.5780479576827751,0.3649503195148403
edge_fog,11,lbcd_fixed_placement,0,2.0810529680638217,0.0,0.3188789185032037,1.5778953919633576,0.0,4.764720725828159,4.764720725828159,0.41929542387287805,1.088,0.015801040979567915,5,0.0,1.0,0.2570382739273945
edge_fog,11,lbcd_fixed_placement,1,2.0810529680638217,0.0,0.3188789185032037,2.0640172754597397,0.0,4.764720725828159,4.764720725828159,0.41929542387287805,1.088,0.026803457993082702,5,0.0,1.0,0.2570382739273945
edge_fog,12,global_vcfr_fixed_placement,0,1.5796590232839136,0.0,0.0014386224532259018,1.5773897549649325,0.0,4.421236278664294,4.421236278664294,0.10960254960568581,0.2675719043904798,0.005292416986776516,1,0.0,0.5709452755031289,0.24232721507602561
edge_fog,12,global_vcfr_fixed_placement,1,1.5796590232839136,0.0,0.0014386224532259018,2.0627645752127495,0.0,4.421236278664294,4.421236278664294,0.10960254960568581,0.2675719043904798,0.00877325001056306,1,0.0,0.5709452755031289,0.24232721507602561
edge_fog,12,lbcd_fixed_placement,0,2.0809850868828175,0.0,0.3192586552136447,1.5773897549649325,0.0,4.421236278664294,4.421236278664294,0.3890687925224579,1.088,0.01532779200351797,5,0.0,1.0,0.26804309713616986
edge_fog,12,lbcd_fixed_placement,1,2.0809850868828175,0.0,0.3192586552136447,2.0627645752127495,0.0,4.421236278664294,4.421236278664294,0.3890687925224579,1.088,0.015364583989139646,5,0.0,1.0,0.26804309713616986
edge_fog,13,global_vcfr_fixed_placement,0,1.6002028051902126,0.0,0.013181918420968275,1.5793835007281904,0.0,5.109878255903651,5.109878255903651,0.16436039138098885,0.2649478226127147,0.004696917021647096,1,0.0,0.6534030490915678,0.35802793657103443
edge_fog,13,global_vcfr_fixed_placement,1,1.6090338303379985,0.005518691205353976,0.0187733565635817,2.0645476285194624,0.2557411415180644,5.109878255903651,5.109878255903651,0.3368777159584598,0.697439517474216,0.006681875005597249,1,0.0,0.6410289682667426,0.2666493644014262
edge_fog,13,lbcd_fixed_placement,0,2.0822316865929307,0.0,0.318382574993912,1.5793835007281904,0.0,5.109878255903651,5.109878255903651,0.44966928651952137,1.088,0.01676608299021609,5,0.0,1.0,0.2672987640399253
edge_fog,13,lbcd_fixed_placement,1,2.0822316865929307,0.0,0.318382574993912,2.0645476285194624,0.0,5.109878255903651,5.109878255903651,0.44966928651952137,1.088,0.016170166985830292,5,0.0,1.0,0.2672987640399253
edge_fog,14,global_vcfr_fixed_placement,0,1.5979899516787603,0.0,0.012931247962608916,1.5775897474709442,0.0,4.910392127344867,4.910392127344867,0.1452998644075556,0.249739311011897,0.005252916016615927,1,0.0,0.5918522908693775,0.31143302409497076
edge_fog,14,global_vcfr_fixed_placement,1,1.5979899516787603,0.0,0.012931247962608916,2.063519362243381,0.0,4.910392127344867,4.910392127344867,0.1452998644075556,0.249739311011897,0.006669208989478648,1,0.0,0.5918522908693775,0.31143302409497076
edge_fog,14,lbcd_fixed_placement,0,2.0809146840118493,0.0,0.31904678472194203,1.5775897474709442,0.0,4.910392127344867,4.910392127344867,0.4321145072063483,1.088,0.017314958007773384,5,0.0,1.0,0.29463989888239256
edge_fog,14,lbcd_fixed_placement,1,2.0809146840118493,0.0,0.31904678472194203,2.063519362243381,0.0,4.910392127344867,4.910392127344867,0.4321145072063483,1.088,0.01801279201754369,5,0.0,1.0,0.29463989888239256
edge_fog,15,global_vcfr_fixed_placement,0,1.592131872514689,0.0,0.009314492702890087,1.577438830042998,0.0,4.850972080955608,4.850972080955608,0.13505135623114142,0.6119594514550329,0.009276499971747398,1,0.0,0.5624627311167582,0.23608902560428405
edge_fog,15,global_vcfr_fixed_placement,1,1.592131872514689,0.0,0.009314492702890087,2.0625768743388346,0.0,4.850972080955608,4.850972080955608,0.13505135623114142,0.6119594514550329,0.008475416980218142,1,0.0,0.5624627311167582,0.23608902560428405
edge_fog,15,lbcd_fixed_placement,0,2.0801142881952437,0.0,0.31866557902504766,1.577438830042998,0.0,4.850972080955608,4.850972080955608,0.42688554312409355,1.088,0.01582104101544246,5,0.0,1.0,0.23920674301738024
edge_fog,15,lbcd_fixed_placement,1,2.0801142881952437,0.0,0.31866557902504766,2.0625768743388346,0.0,4.850972080955608,4.850972080955608,0.42688554312409355,1.088,0.01580104199820198,5,0.0,1.0,0.23920674301738024
edge_fog,16,global_vcfr_fixed_placement,0,1.5889277813191913,0.0,0.007698433134645688,1.5767889768137442,0.0,4.693886023871931,4.693886023871931,0.13760840516606387,0.25653795914936084,0.009178874985082075,1,0.0,0.581158272704543,0.2537260711257999
edge_fog,16,global_vcfr_fixed_placement,1,1.5889277813191913,0.0,0.007698433134645688,2.063056769015151,0.0,4.693886023871931,4.693886023871931,0.13760840516606387,0.25653795914936084,0.006609999982174486,1,0.0,0.581158272704543,0.2537260711257999
edge_fog,16,lbcd_fixed_placement,0,2.079423273643387,0.0,0.31877080840920646,1.5767889768137442,0.0,4.693886023871931,4.693886023871931,0.41306197010073,1.088,0.021509624988539144,5,0.0,1.0,0.2537260711257999
edge_fog,16,lbcd_fixed_placement,1,2.079423273643387,0.0,0.31877080840920646,2.063056769015151,0.0,4.693886023871931,4.693886023871931,0.41306197010073,1.088,0.015168666985118762,5,0.0,1.0,0.2537260711257999
edge_fog,17,global_vcfr_fixed_placement,0,1.5904456000361957,0.0,0.009842518310875459,1.5749441830756667,0.0,4.460624177971515,4.460624177971515,0.12600897497592248,0.2857149291813998,0.005492333002621308,1,0.0,0.6150902128928432,0.2872111549860055
edge_fog,17,global_vcfr_fixed_placement,1,1.5904456000361957,0.0,0.009842518310875459,2.062038671661905,0.0,4.460624177971515,4.460624177971515,0.12600897497592248,0.2857149291813998,0.006988540990278125,1,0.0,0.6150902128928432,0.2872111549860055
edge_fog,17,lbcd_fixed_placement,0,2.078419583306289,0.0,0.31967824996019756,1.5749441830756667,0.0,4.460624177971515,4.460624177971515,0.39253492766149334,1.088,0.023490958992624655,5,0.0,1.0,0.25530142031195546
edge_fog,17,lbcd_fixed_placement,1,2.078419583306289,0.0,0.31967824996019756,2.062038671661905,0.0,4.460624177971515,4.460624177971515,0.39253492766149334,1.088,0.01591016599559225,5,0.0,1.0,0.25530142031195546
edge_fog,18,global_vcfr_fixed_placement,0,1.5867635121305506,0.0,0.005738871269745038,1.5777092418902554,0.0,4.290979487016861,4.290979487016861,0.13276547742792166,0.30411579767073393,0.0044712919916491956,1,0.0,0.629804367511047,0.2948722173701734
edge_fog,18,global_vcfr_fixed_placement,1,1.5867635121305506,0.0,0.005738871269745038,2.0621388283704,0.0,4.290979487016861,4.290979487016861,0.13276547742792166,0.30411579767073393,0.004833332990529016,1,0.0,0.629804367511047,0.2948722173701734
edge_fog,18,lbcd_fixed_placement,0,2.0803833003303844,0.0,0.318610074083026,1.5777092418902554,0.0,4.290979487016861,4.290979487016861,0.37760619485748365,1.0879999999999999,0.015266542002791539,5,0.0,0.9999999999999998,0.1988572246602803
edge_fog,18,lbcd_fixed_placement,1,2.0803833003303844,0.0,0.318610074083026,2.0621388283704,0.0,4.290979487016861,4.290979487016861,0.37760619485748365,1.0879999999999999,0.015120083000510931,5,0.0,0.9999999999999998,0.1988572246602803
edge_fog,19,global_vcfr_fixed_placement,0,1.5927267153975881,0.0,0.008985557800841981,1.5785426293603775,0.0,4.903114747806192,4.903114747806192,0.2046479798519739,0.2883440245202521,0.004614750010659918,1,0.0,0.6823281076578369,0.3913387155016117
edge_fog,19,global_vcfr_fixed_placement,1,1.6161029566780098,0.014676868953369837,0.02379430660852777,2.0642161769203806,0.2783243479925213,4.903114747806192,4.903114747806192,0.3828555877725701,0.7007664600728082,0.004944416985381395,1,0.0,0.6440868199198604,0.2141409273023086
edge_fog,19,lbcd_fixed_placement,0,2.0812376507136676,0.0,0.3184551446399526,1.5785426293603775,0.0,4.903114747806192,4.903114747806192,0.4314740978069449,1.088,0.016564374993322417,5,0.0,1.0,0.29666996849299815
edge_fog,19,lbcd_fixed_placement,1,2.0812376507136676,0.0,0.3184551446399526,2.0642161769203806,0.0,4.903114747806192,4.903114747806192,0.4314740978069449,1.088,0.016286375001072884,5,0.0,1.0,0.29666996849299815
edge_fog,20,global_vcfr_fixed_placement,0,1.5993139630777387,0.0,0.014602548646276858,1.5762960237105723,0.0,5.25682398320423,5.25682398320423,0.16124253955505874,0.2722681064628913,0.0042392500035930425,1,0.0,0.6907652084535374,0.34209883447134165
edge_fog,20,global_vcfr_fixed_placement,1,1.6171546323314474,0.011155201333561848,0.02592064434997088,2.062018348392506,0.26280705257035836,5.25682398320423,5.25682398320423,0.3659805443988759,0.6899216462715775,0.004374042007839307,1,0.0,0.6341191601760822,0.28091374268756
edge_fog,20,lbcd_fixed_placement,0,2.0798717434943543,0.0,0.3194677346190178,1.5762960237105723,0.0,5.25682398320423,5.25682398320423,0.46260051052197226,1.088,0.012902250018669292,5,0.0,1.0,0.2976921784062552
edge_fog,20,lbcd_fixed_placement,1,2.0798717434943543,0.0,0.3194677346190178,2.062018348392506,0.0,5.25682398320423,5.25682398320423,0.46260051052197226,1.088,0.013798291009152308,5,0.0,1.0,0.2976921784062552
